,sub
0.0,3512
0.3535533905932738,1
0.37796447300922725,2
0.408248290463863,10
0.4409585518440985,1
0.4472135954999579,11
0.447213595499958,18
0.4775669329409193,1
0.48795003647426655,3
0.48795003647426666,1
0.5,219
0.5149286505444373,1
0.5163977794943222,6
0.5163977794943223,13
0.5175491695067657,2
0.5270462766947299,1
0.5345224838248488,4
0.5477225575051661,48
0.5477225575051662,14
0.5773502691896257,142
0.5773502691896258,1238
0.6030226891555273,1
0.6304251719561152,1
0.6324555320336759,11
0.6408699444616557,4
0.6466697906828632,1
0.6466697906828633,1
0.674199862463242,1
0.6763995415945231,1
0.6805570473787205,1
0.6875516509523286,1
0.6900655593423541,4
0.6900655593423543,5
0.7071067811865475,1
0.7071067811865476,5116
0.7177405625652734,2
0.7187952884282609,1
0.7264831572567788,1
0.7264831572567789,1
0.7378647873726218,2
0.7440238091428449,5
0.7510676161988108,1
0.752772652709081,38
0.7537783614444091,1
0.7559289460184544,11
0.7559289460184545,12
0.7817359599705717,4
0.7844645405527362,1
0.7867957924694431,3
0.7867957924694432,7
0.8017837257372732,1
0.8090398349558905,1
0.8164965809277259,1
0.816496580927726,246
0.8201995322647245,1
0.825420305855557,1
0.8306975860878395,1
0.8306975860878397,1
0.8323523637957304,1
0.8333333333333334,3
0.8345229603962802,6
0.8345229603962803,3
0.8348471099367217,1
0.8348471099367218,2
0.8366600265340756,100
0.8366600265340757,1
0.8432740427115679,1
0.8451542547285166,1
0.8498365855987974,1
0.8548504142651103,1
0.8617697249402124,1
0.8623164985025763,1
0.8644378215075665,1
0.8660254037844386,6
0.8660254037844387,2
0.8717797887081347,1
0.8719139396343282,1
0.8755950357709131,3
0.8819171036881969,1
0.8850612031567835,1
0.8850612031567836,1
0.8864052604279182,2
0.8864052604279183,7
0.8876253645985945,2
0.8915558282417289,1
0.8944271909999159,98
0.894427190999916,25
0.898717034272917,1
0.8997354108424372,9
0.8997354108424375,8
0.90033663737852,1
0.9128709291752769,1
0.9138735334633754,1
0.9161253813129042,1
0.9161253813129043,3
0.9189365834726815,3
0.9244162777371753,1
0.9244162777371754,4
0.9258200997725514,10
0.9258200997725515,2
0.9268086959962983,1
0.9279607271383369,1
0.927960727138337,4
0.9287087810503355,1
0.9341987329938276,1
0.9374368665610919,1
0.9375953110592337,1
0.9428090415820634,1
0.9445132413883327,1
0.9473309334313418,1
0.9486832980505138,3
0.9511897312113418,8
0.9511897312113419,15
0.9534625892455924,1
0.9540735874430285,1
0.9574271077563381,236
0.9574271077563382,91
0.9582800496696001,1
0.9633818428657449,1
0.9653072991634228,1
0.9660917830792958,1
0.9660917830792959,6
0.9674179220468452,1
0.97182531580755,8
0.9718253158075502,1
0.9759000729485331,8
0.9759000729485332,7
0.9759000729485333,1
0.9787209698591858,1
0.9816498172140428,1
0.9831920802501749,1
0.983192080250175,15
0.9831920802501751,6
0.9856107606091623,2
0.9880869341680844,1
0.9902118361842988,1
0.9910312089651148,2
0.9910312089651149,6
0.991031208965115,5
0.9944289260117531,1
0.9944289260117533,4
0.9944903161976938,2
0.9962049198956219,2
0.9979144919948469,1
0.9999999999999999,4
1.0,938
1.009049958219026,2
1.0127393670836666,1
1.0137937550497031,4
1.0137937550497034,1
1.026910636104941,2
1.0289915108550531,1
1.0298573010888745,1
1.031553471276484,1
1.0319569104061783,1
1.0327955589886444,20
1.0327955589886446,31
1.0332844563220562,1
1.035098339013531,1
1.0350983390135313,10
1.0357254813546264,3
1.0371873387954442,1
1.0439078454267836,1
1.044465935734187,2
1.046703508780838,1
1.0488088481701514,4
1.0488088481701516,16
1.0500305245868342,1
1.05090228108783,1
1.0540925533894596,1
1.0540925533894598,5
1.0552897060221726,1
1.055641551364534,1
1.0568628408301075,1
1.0593499054713802,3
1.0606601717798212,11
1.0606601717798214,1
1.065130472748108,1
1.0690449676496974,3
1.0690449676496976,22
1.0706067580626215,1
1.071611705960535,1
1.0730867399773196,4
1.0733344230135038,1
1.0749676997731399,1
1.07496769977314,1
1.078609610939221,1
1.0787197799411874,1
1.0791734729020097,1
1.0801234497346435,2
1.0818177620697815,1
1.0836246694508316,1
1.0836246694508318,2
1.092906420717,8
1.0954451150103321,61
1.0954451150103324,26
1.0990426455975697,1
1.1005049346146119,4
1.1037127426019047,1
1.109400392450458,1
1.1094003924504583,1
1.1114378604524224,1
1.1126972805283735,7
1.1126972805283737,7
1.1146408580454255,1
1.1151635501529555,1
1.1169686869465265,1
1.1175919907137444,1
1.118033988749895,14
1.12006493318265,1
1.1200649331826502,1
1.121317502394603,1
1.1245914290767742,1
1.1254628677422756,2
1.1259916264596033,13
1.1281521496355325,4
1.1303883305208782,1
1.1338934190276817,11
1.1352924243950933,2
1.1361818036340359,2
1.1381803659589922,1
1.1387288073563857,3
1.1401754250991378,25
1.140175425099138,75
1.1411388181101378,1
1.141287094417552,1
1.142549219601424,1
1.1426091000668406,1
1.142857142857143,1
1.145931016569864,1
1.1470786693528088,2
1.147078669352809,1
1.1500822038577296,1
1.1507283885330302,1
1.1547005383792515,74
1.1547005383792517,686
1.1572300058975775,1
1.1578684470436789,2
1.1595018087284057,2
1.1599949289950013,1
1.162919151265879,1
1.1645001528813148,1
1.164500152881315,1
1.1649647450214349,1
1.164964745021435,6
1.1666666666666665,1
1.1666666666666667,4
1.167320591199077,1
1.1677484162422844,1
1.169045194450012,6
1.1690451944500122,48
1.1726039399558574,1
1.1737877907772674,1
1.1788578719900635,1
1.1791845447071425,1
1.1814539065631522,1
1.1821319289469756,1
1.1832159566199232,4
1.1877349391654208,8
1.1892374507581378,1
1.1908743922772957,4
1.1929278784054478,1
1.1952286093343936,9
1.1970676733137329,1
1.1972189997378646,3
1.1972189997378648,5
1.197287574873227,1
1.198289379030556,1
1.200490095997562,2
1.201850425154663,1
1.2018504251546631,4
1.2041594578792296,2
1.2043875831929896,1
1.2060453783110545,2
1.2093386622447826,1
1.2109278070331666,1
1.2110601416389966,18
1.2110601416389968,11
1.2115429242540032,1
1.2135597524338357,4
1.2149857925879117,18
1.2154310870109943,1
1.2210278829367864,3
1.2210278829367867,2
1.2220201853215573,1
1.2230426539304888,1
1.224744871391589,47
1.2247448713915892,11
1.2292725943057183,1
1.2307338795828044,1
1.2309149097933272,1
1.2344267996967353,1
1.2351684199496948,1
1.2357562850575001,1
1.2360330811826103,3
1.2399795994751786,1
1.2401124093721454,1
1.2401124093721456,1
1.2401659953032227,1
1.2403473458920844,1
1.2414412876121992,1
1.241638702145945,1
1.2421180068162376,1
1.242521488394791,1
1.243163121016122,3
1.2449327491304698,1
1.2464234547582247,2
1.246423454758225,6
1.247219128924647,1
1.2485285456935955,2
1.2504544628399563,2
1.2506408613597126,2
1.251469724199605,1
1.2514697241996051,1
1.2516655570345725,5
1.2535663410560174,17
1.2557559782549623,1
1.2583057392117916,196
1.2583057392117918,31
1.2608503439122303,1
1.2608503439122305,2
1.2632629707758134,1
1.263528193790505,1
1.2649110640673518,23
1.2659242088545832,1
1.2659242088545835,1
1.2673044646258473,2
1.2673044646258476,2
1.26814318375447,1
1.2692955176439846,8
1.2720777563426766,3
1.2724180205607034,16
1.2724180205607036,6
1.2745610730183763,1
1.2763284829761719,1
1.27744594087896,1
1.2776356840572631,1
1.2792042981336627,1
1.2798809468443688,1
1.280510008689093,1
1.2817398889233114,12
1.2817398889233116,1
1.2833778958394957,1
1.2841817655680772,1
1.2862913567871994,1
1.2862913567871996,2
1.286683937707919,3
1.2871156384205213,1
1.2880570286640687,1
1.2909944487358054,30
1.2909944487358056,147
1.292412345317728,1
1.293257367998745,1
1.2947859237091257,1
1.2976222599091636,1
1.2993504870941053,1
1.3000224919331833,1
1.300349603340998,2
1.3017082793177757,4
1.3017082793177759,1
1.3020130933435712,1
1.3022416570411703,1
1.3024701806293193,11
1.3026778945578592,2
1.3038404810405297,92
1.3093073414159542,9
1.3102162671355697,1
1.3113721705515065,1
1.3113721705515067,6
1.3114039117603011,1
1.3142574813455419,2
1.3149778198382915,1
1.3165611772087666,3
1.3173399771450858,1
1.3197840980097757,1
1.3200935795706035,1
1.3204505835470495,1
1.3205940857741196,1
1.3228756555322951,3
1.3228756555322954,7
1.3232846447693145,1
1.323493100445977,1
1.325296290046213,3
1.325651892910228,1
1.3273676061682242,1
1.3284223283101428,1
1.3291601358251257,24
1.3301243435223524,1
1.3333333333333333,5
1.3333333333333335,3
1.3337718577107003,1
1.3345232785352157,1
1.3363062095621219,1
1.3371158468430429,2
1.337115846843043,1
1.3374935098492586,2
1.3397282541141673,2
1.3416407864998738,32
1.344504484072964,1
1.3451854182690985,13
1.3476559169863185,1
1.348399724926484,2
1.3483997249264843,1
1.3484884325167863,1
1.3498971154211057,2
1.3522468075656267,1
1.353358395757909,1
1.35400640077266,2
1.3557637102737474,1
1.3562026818605373,2
1.3562026818605375,3
1.3568010505999362,1
1.3572417850765923,1
1.3587324409735149,1
1.3609146415376598,1
1.3618169680781096,2
1.3619759010270172,1
1.3627702877384937,2
1.3636264606493256,1
1.3642254619787415,2
1.3642254619787417,4
1.3662601021279461,1
1.3662601021279464,22
1.366892990302394,1
1.367216532138064,1
1.3684762594679063,1
1.3686976778431872,1
1.3700307029348382,1
1.3703203194062976,2
1.3703203194062978,2
1.3706888336846839,2
1.3716898705776372,1
1.3726654823065194,1
1.3732131246511905,1
1.3751033019046572,2
1.3769908845391445,1
1.3780474514054744,1
1.378404875209022,11
1.3788349323798654,1
1.378954368902449,4
1.3789543689024493,2
1.3801311186847083,9
1.3801311186847085,7
1.3826657968874303,1
1.383866944217632,1
1.3844373104863457,1
1.3847680013570567,1
1.3887301496588271,9
1.3909646324388167,1
1.3913653136029502,1
1.3920878193318216,1
1.3926810257774174,2
1.3939805659268776,1
1.3944333775567925,7
1.3944333775567928,1
1.3945382182304158,1
1.394538218230416,1
1.3972762620115438,10
1.3984117975602022,4
1.3985864135061359,1
1.3989792196965818,1
1.4026875872882272,1
1.4037764192684379,1
1.4051188470584879,1
1.405118847058488,1
1.4061024795535126,1
1.4074631010979937,2
1.4078859531733587,1
1.407885953173359,10
1.408612694575822,1
1.409553867457061,1
1.4114836573644813,1
1.4116115112960541,1
1.4116492564331995,1
1.414213562373095,8
1.4142135623730951,3857
1.4150756249721226,1
1.4181364924121764,4
1.4194844094318892,1
1.4206272622267313,2
1.4206272622267315,1
1.4234267774809048,1
1.4240006242195884,5
1.4244112357114613,1
1.4244112357114616,1
1.4245742398014511,1
1.4259499757471625,1
1.4295028019803127,1
1.429840705968481,1
1.4333685689819817,2
1.4337208778404378,2
1.4354811251305468,1
1.435481125130547,1
1.4366984945013912,1
1.4366984945013914,1
1.4367767695018308,1
1.4372543631846129,1
1.4375905768565218,1
1.4407221356350584,1
1.4432919965965354,1
1.4433756729740643,1
1.4446302370292305,1
1.445594545418455,2
1.4455945454184551,1
1.4474937289114918,1
1.447493728911492,1
1.4491179695860754,1
1.449137674618944,1
1.4512594000225618,1
1.4525460784051258,1
1.4529663145135578,2
1.4544361847068492,1
1.457737973711325,2
1.4577379737113252,8
1.4588934921124186,1
1.458980187804412,1
1.4602578338007541,2
1.4638501094227998,8
1.4668044012461754,1
1.4668044012461756,1
1.4669856112538155,1
1.4685825458167314,1
1.4686151984413398,1
1.468669209628849,1
1.4705441169852742,1
1.4709304414677,1
1.4709304414677005,1
1.4719601443879744,19
1.4719601443879746,10
1.4735767952260146,1
1.4741786236338814,1
1.4749368110164003,1
1.4757295747452437,6
1.4770978917519928,1
1.4785647926803365,1
1.4800257398019099,1
1.480252662787198,1
1.4806443503784736,1
1.4813657362192647,1
1.481365736219265,4
1.4818344486930157,1
1.4832396974191324,1
1.4832396974191326,42
1.4840616646185034,1
1.4847711791873706,1
1.486446705914413,1
1.4869407882634122,1
1.487793888746395,1
1.4880476182856899,10
1.4893561757289016,1
1.490406479927485,1
1.4935759876113537,2
1.4944341180973262,1
1.4944341180973264,1
1.495090003192804,2
1.4960264830861911,2
1.4960264830861913,10
1.4963479672379814,1
1.496487114615601,1
1.4971905552242606,1
1.497472618255253,1
1.4999999999999998,27
1.5,149
1.5000000000000002,8
1.5015143870590966,1
1.5019046039258277,1
1.5021352323976216,1
1.5023790657297036,1
1.5030162910010298,1
1.5041608956491324,1
1.5048939771136507,2
1.5050420310248864,3
1.5055453054181618,1
1.505545305418162,29
1.5055453054181622,3
1.5059406173077154,4
1.507556722888818,1
1.5075567228888183,1
1.509230856356236,7
1.5092308563562362,1
1.5098067288443666,1
1.5118578920369088,16
1.511857892036909,9
1.5135749373285392,1
1.5137694592336384,1
1.5157006580616386,1
1.51657508881031,75
1.5165750888103102,5
1.51744244666721,1
1.5191090506255,1
1.5202143577155938,1
1.5212776585113297,1
1.5238839267549946,1
1.5238839267549948,1
1.526160760426852,1
1.5269321331121544,1
1.5275252316519465,309
1.5275252316519468,561
1.528954418190165,1
1.5294249031130904,1
1.5312533566021211,1
1.5316704909195136,1
1.5317159809030674,1
1.5334382546567191,1
1.533747356112131,1
1.535298947157477,2
1.536324873731809,2
1.536590742882148,6
1.5365907428821481,1
1.5374122295716148,1
1.5376233980678475,1
1.5420843665469108,1
1.5430334996209192,1
1.5438048235879214,1
1.5442891122340605,1
1.5446858650770092,1
1.5447859516333116,1
1.544785951633312,1
1.5483655567842813,1
1.5486343655842068,1
1.5491933384829668,12
1.549547966698321,1
1.5519332240873458,1
1.5522640914238175,2
1.5526475085202969,6
1.5549112250379176,1
1.555050423035156,2
1.5550504230351563,1
1.5594956520963508,1
1.5602197647401197,1
1.5607361839521232,1
1.561909228976012,1
1.56242646885805,1
1.5634719199411429,1
1.563471919941143,1
1.5634719199411433,3
1.563673801525036,1
1.5642792899510294,1
1.5648579768799717,1
1.5650758338148976,1
1.5666989036012806,2
1.5669666924936902,1
1.567021236472421,2
1.569045812557671,1
1.5692354826475214,1
1.570351859545865,1
1.570562531918633,2
1.5714198259409449,1
1.572490786213793,2
1.5727950313140986,1
1.5729934203280245,1
1.5730095277394138,1
1.5730785966335061,1
1.5735915849388862,1
1.5735915849388864,10
1.576879326688842,1
1.5769997160986313,1
1.577079416890439,1
1.577621275493231,3
1.5776599725577716,1
1.5779160321528163,1
1.5781242633190171,1
1.5782614139961386,1
1.5788119136944494,1
1.5793084370832164,1
1.5796322658258455,1
1.5811388300841895,2
1.5811388300841898,38
1.5844622075848553,1
1.5855074872402406,1
1.5859229221975182,2
1.5898026693500447,2
1.5898026693500449,1
1.5898986690282426,6
1.5898986690282428,1
1.5903353943953666,1
1.5904124511289144,1
1.5904124511289148,1
1.5915297775935682,1
1.5915297775935684,1
1.5951314818673865,3
1.5966465410939121,1
1.5976172734359606,1
1.5979122043148721,1
1.5979898086569353,6
1.5985190514644287,1
1.6011359603844904,1
1.6012815380508714,1
1.602081978759722,9
1.6020819787597222,13
1.6021411704385555,1
1.6025547785276542,1
1.6026294183720635,1
1.6035674514745462,3
1.6035674514745464,10
1.6052797503622467,2
1.6054719265536446,1
1.6062378404209012,1
1.606438657804998,1
1.6113631583445662,1
1.6132464481796025,1
1.6143297699232972,1
1.615069875957493,1
1.6158932858054431,2
1.6179144164088313,1
1.618079669911781,2
1.618347187425374,13
1.618605276445024,1
1.6191165682366608,1
1.6193277068654826,5
1.6213537179739277,2
1.622754859285078,1
1.6236882817719773,1
1.624221425205085,2
1.6242214252050853,1
1.6270561846343812,1
1.6273054480512716,1
1.6276126096272243,1
1.6278820596099706,3
1.627993341153636,1
1.6292775867068985,1
1.62959660848413,1
1.6300744943538186,1
1.6303400436745268,1
1.6311119875071343,1
1.632993161855452,87
1.636391694484477,2
1.6368400297582135,1
1.6374732612530443,1
1.637552731171861,1
1.6379885640466825,1
1.6403990645294486,1
1.6408253082847342,1
1.6414763002993509,3
1.6415653633362466,1
1.6417180315870614,1
1.6418993066973788,1
1.6420805617960927,6
1.6431676725154982,6
1.6431676725154984,55
1.6462077633154328,1
1.6465452046971292,5
1.647508942095828,1
1.6486202467362574,1
1.6499158227686108,2
1.649915822768611,1
1.6508127886328898,1
1.651445647689541,1
1.6525039276108333,1
1.6525039276108335,1
1.6526437097061277,1
1.6532795690182993,1
1.6538724611187703,1
1.6544844636864109,1
1.6557606531079756,1
1.6574838603294897,1
1.6581031927973746,1
1.6583123951776997,1
1.6583123951777,6
1.6583123951777001,3
1.6598014072359533,1
1.6610658581002247,1
1.661522459462524,1
1.6617574758359692,1
1.662418829187267,2
1.6624188291872672,1
1.6630740282906602,1
1.6631399000114022,1
1.66332999331662,2
1.6633299933166201,1
1.6666666666666667,3
1.667618775665584,1
1.6690459207925603,4
1.669383750149485,2
1.6703422673342403,1
1.6708416177818026,1
1.6718280152742897,1
1.6733200530681511,57
1.6733200530681513,1
1.6738494172234588,1
1.6740428175045912,1
1.674378838471439,1
1.6754359088894832,1
1.6756169931378435,1
1.6760654528683687,1
1.6761634196950517,5
1.6763054614240211,1
1.6763879860706161,1
1.6764862244009227,1
1.6771599497591227,1
1.6775664663469694,1
1.6785919971666705,1
1.6802862325692678,1
1.6812693617224659,1
1.6818357317441641,2
1.6818357317441643,1
1.682012683265696,1
1.6820126832656963,1
1.6820653886312522,1
1.6824648081573148,1
1.6837947722821909,1
1.685018016012207,3
1.6850180160122072,2
1.6854255666327542,1
1.6865480854231354,1
1.6865480854231358,1
1.689540012709215,2
1.6903085094570331,9
1.6914819275153699,7
1.691565347143726,1
1.6917165134574887,1
1.6919330254585618,1
1.6944180805158293,1
1.694912172570388,1
1.6953203098701795,1
1.695796538537611,1
1.6963665802143373,1
1.6971228561010443,1
1.698216894505153,1
1.7002673586554236,2
1.7002673586554238,1
1.7004780550667353,1
1.7006190823220508,1
1.7029386365926402,1
1.704103357771545,1
1.7042334830374277,1
1.7043362064926932,4
1.7043362064926935,7
1.7056057308448833,1
1.7059473644448735,1
1.7062332443303203,1
1.7065405655167958,1
1.706540565516796,1
1.707825127659933,167
1.7080801347729675,1
1.7097008285302207,1
1.709915063331955,3
1.7107065987491232,1
1.710750322714179,1
1.712255291076124,1
1.7126976771553504,1
1.7126976771553506,1
1.7134105366545844,1
1.713678927970872,1
1.7149858514250884,2
1.7159383568311666,2
1.7159383568311668,3
1.717345440591042,1
1.7177163475234933,1
1.7177163475234936,1
1.7182493859684491,8
1.7186467150027733,1
1.7224014243685084,20
1.7225911474978353,1
1.7232808737106582,2
1.7265434778633235,1
1.7268882005337975,4
1.7297672854057795,1
1.729862492345632,4
1.7298624923456323,1
1.7304639535412156,1
1.7316066350246926,1
1.7318216851645987,1
1.7320508075688772,459
1.7320508075688774,5
1.7339365466222858,1
1.7362908403700517,1
1.7362997558328641,1
1.7379435855412153,1
1.7380544678845178,1
1.740051084818425,1
1.7400510848184252,1
1.7405205441780576,1
1.7413570626467563,1
1.7416467303484175,1
1.742036394394986,1
1.743408639479146,1
1.7435595774162693,1
1.7438278792686563,1
1.7440374613713623,1
1.7449434335263982,1
1.7456743774994419,1
1.7457431218879391,1
1.7457431218879393,1
1.7464395416168819,1
1.747178176073456,1
1.7477257950106058,1
1.747725795010606,4
1.747840111378914,1
1.7484687178050562,2
1.7494587907710375,2
1.749968168796323,1
1.7504578155735613,1
1.7505220608093224,1
1.7510501051050011,1
1.751190071541826,1
1.7511900715418263,13
1.7511900715418265,1
1.7525491637693282,4
1.7525491637693285,2
1.752919642404429,1
1.7529196424044293,1
1.753783788201264,1
1.7541160386140584,1
1.7551766752353801,2
1.7557623596565304,1
1.7559422921421233,1
1.7567895502334716,1
1.757361399462014,1
1.7574380753211731,1
1.7577666482623882,1
1.7579619455299704,1
1.758098145983065,1
1.7580981459830651,4
1.7591033069278348,1
1.7595621936437749,1
1.7605156076213477,1
1.760681686165901,11
1.76139023037827,1
1.7614288458371994,1
1.7619295117556786,1
1.7621756887140216,1
1.763602596291766,1
1.7636025962917663,1
1.7638342073763937,1
1.763834207376394,1
1.7645499039801522,1
1.7651599003161755,1
1.7657537141010884,1
1.766981104093143,2
1.7677669529663687,2
1.7677669529663689,4
1.7690759253434065,1
1.7722938923964169,1
1.7728105208558367,12
1.7730397586560909,1
1.773740072883805,1
1.774153050787628,1
1.7751674603245526,1
1.775250729197189,1
1.7760786709897045,1
1.776388345929897,2
1.7771976177535858,1
1.7776875878998424,1
1.7785110638615873,1
1.778594583599775,1
1.780850519113991,1
1.7816403745544227,1
1.781640374554423,1
1.7836867610481562,1
1.7837651700316892,1
1.7841898254763513,2
1.7850333999608572,1
1.7851647506079618,1
1.785164750607962,1
1.785563018803214,1
1.7867030229749128,1
1.786768122219737,1
1.7869318069466225,1
1.7870802642816408,1
1.7873008824606014,2
1.7888543819998317,42
1.788854381999832,3
1.7901615465016278,1
1.7910596686995397,1
1.7910826915520144,1
1.791341427419419,1
1.793580557692131,1
1.794564476089377,1
1.7994708216848743,1
1.7994708216848745,6
1.799470821684875,5
1.8005082797253331,1
1.8006732747570398,1
1.80067327475704,1
1.800996874952798,1
1.8021151593666394,1
1.8027756377319946,4
1.8027756377319948,1
1.8036372541707957,1
1.8039916753999397,1
1.8045526471705546,1
1.804755622554715,2
1.8064212949190013,1
1.8073922282301278,1
1.807392228230128,1
1.8074970137030528,1
1.807721533549109,5
1.8077215335491092,1
1.8081014266989472,1
1.8083473833916497,1
1.809068067466582,2
1.8104634152000358,3
1.810463415200036,1
1.8109582801580821,1
1.8111606859423133,1
1.8112837058565963,1
1.8126539343499313,2
1.8126539343499315,3
1.8140862964338522,2
1.8144159564878983,1
1.8149704259460604,1
1.815338686155987,2
1.8156825980064073,2
1.8157922373651019,1
1.816590212458495,22
1.8165902124584952,6
1.8171950369175573,1
1.8177865182927715,1
1.8186146670912193,1
1.8187062180825984,2
1.820517979665599,1
1.8230549667425573,1
1.8257418583505536,2
1.8257418583505538,63
1.8287822299126937,1
1.8296499795368095,1
1.8297065576087663,1
1.830950832868254,1
1.8319554050414562,1
1.8319554050414564,1
1.8322507626258084,2
1.8322507626258087,6
1.8333333333333333,1
1.8334866823364149,1
1.8337120820892248,1
1.8337320140672697,1
1.834021909257456,2
1.8340219092574561,2
1.8343995668016684,1
1.834847859269718,7
1.8348478592697182,2
1.8351149988007645,1
1.8353258709644942,1
1.8354900078789778,1
1.8361820394583972,1
1.8372237850372848,1
1.8374768986481271,1
1.8378329961713518,1
1.8378731669453627,1
1.837873166945363,2
1.8384189855897426,1
1.8386636736031323,1
1.8387366263150307,2
1.8408935028645435,1
1.841324574993825,1
1.8413989492109155,1
1.842100250619747,1
1.8427786989579984,1
1.8433256528257809,1
1.8439088914585775,1
1.8464895909600492,1
1.8468119248354136,5
1.8468119248354138,3
1.8470962903655979,1
1.8477785890862883,1
1.8480759225163386,1
1.8486583640051075,1
1.8488325554743508,2
1.8499249234015478,1
1.8501559185854914,1
1.8504708655481241,1
1.8504708655481243,1
1.850893419841592,1
1.8516401995451028,5
1.851640199545103,1
1.8519259244445034,1
1.8520797580556378,1
1.852396434087371,1
1.8524521444205841,1
1.8526354375635075,1
1.8527678046673026,1
1.8529256146249728,3
1.852925614624973,1
1.853444471856767,1
1.853479057174538,1
1.8544954675472893,1
1.8553998789483073,1
1.855921454276674,5
1.856310169634225,1
1.8567330521964227,1
1.857417562100671,1
1.8575654633281302,1
1.8576814560512958,1
1.8586407545691703,3
1.8590438284354558,1
1.8591259253609496,1
1.8597949741464108,1
1.8599478327614616,1
1.8606194564995717,1
1.8606333657491823,1
1.8607794065928394,1
1.8607794065928396,1
1.8609274499061437,1
1.8612099731364444,1
1.8612668681440292,1
1.8618986725025255,10
1.8618986725025257,5
1.8620741825818616,1
1.8620741825818619,2
1.8629125985278252,1
1.8629514849544841,2
1.8635254955935732,2
1.863873915807068,1
1.8639496507135747,1
1.863963243832607,1
1.864081110653926,1
1.8644544714716087,3
1.864454471471609,8
1.8644544714716091,1
1.864744681524183,2
1.8647615933906978,1
1.864945569720998,1
1.8667124536509059,1
1.8669172764102495,1
1.8671253984666143,1
1.8681541692269403,1
1.8682405039622607,1
1.8683565779906708,1
1.868397465987655,1
1.869359648250035,1
1.8695555876298768,1
1.8697147732564274,1
1.8708286933869707,39
1.8708286933869709,3
1.873171623163388,1
1.8735514499103016,1
1.8746428231227714,1
1.8748655865799915,1
1.874873733122184,1
1.8751906221184675,1
1.8777780540223774,1
1.878237944930774,1
1.8782379449307742,1
1.8786076404259264,1
1.879564718961157,1
1.8797162906495577,1
1.880924981991251,3
1.8809249819912512,1
1.8809603121561158,1
1.881008079717195,1
1.8815498624956692,1
1.8822478962286406,1
1.8838891850473745,1
1.8842968748696896,1
1.8847761013926698,3
1.8850918886280925,3
1.8850918886280927,3
1.8856180831641267,2
1.886484436567597,1
1.8864844365675972,1
1.886956825315847,1
1.8877596148970777,1
1.8877596148970779,2
1.887883090687176,1
1.88832981062213,1
1.8883680959850135,1
1.8884322785284717,1
1.8891462802516734,1
1.8891834438473787,1
1.8894936717024815,1
1.889822365046136,4
1.8903262505010432,1
1.8908687462075775,1
1.892969448600091,11
1.8929694486000912,37
1.8929694486000914,17
1.8937203404697887,1
1.8947342360637132,1
1.894855189843327,1
1.8950646008170384,1
1.8962036376122997,1
1.8973665961010275,7
1.8976495135867797,1
1.8976912555081509,1
1.8979204678020896,1
1.898963034411309,1
1.8991226044325487,1
1.8993244107285399,1
1.9000773978043786,1
1.90029237516523,2
1.9021518914592015,1
1.9021518914592017,1
1.9023794624226835,5
1.9023794624226837,9
1.9032499174956516,1
1.9033693735913648,1
1.9039003653834377,1
1.9042462672022877,1
1.9045519041696304,1
1.9050371824892727,1
1.9058732752144016,1
1.9063018984684916,1
1.9064464725269477,1
1.9066348392538122,1
1.9073791542572858,1
1.907801321509381,1
1.9078013215093812,1
1.908430051942668,1
1.9086270308410551,1
1.9086270308410553,5
1.9086270308410556,3
1.908964154756224,1
1.9098740920854043,2
1.9100658753958324,1
1.9110776389083421,1
1.9116515803633993,1
1.9116515803633995,1
1.9116865471476894,2
1.911950719959998,3
1.9121000188832797,1
1.9126067332645864,1
1.9128750375000738,3
1.912875037500074,1
1.9132112686503204,1
1.9139588081069505,1
1.9141660378748129,1
1.914854215512676,1
1.9148542155126762,45
1.9148542155126764,15
1.9150366781569048,1
1.915309068256456,1
1.9159991209755154,2
1.9165600993392,1
1.9165600993392002,1
1.9174636024359542,1
1.9199358963657736,1
1.9209524927837658,2
1.9211738835693897,1
1.92117388356939,1
1.9212434698882481,1
1.9213796097448008,1
1.9215378456610455,1
1.922093765778466,1
1.9220937657784662,1
1.9224550276491081,1
1.922609833384967,2
1.9226098333849673,2
1.9226098333849675,5
1.9227505550564006,1
1.9235384061671343,6
1.9235384061671346,27
1.924240812035412,1
1.9248961595954275,1
1.9252705437591533,1
1.9257623369761223,1
1.9259697832290439,1
1.9267636857314896,1
1.9268264136785913,1
1.927248223318863,4
1.9278658321228337,1
1.927865832122834,2
1.9286515936521478,2
1.9288630901421748,1
1.9292316776116805,1
1.9302348177392568,1
1.930366749991743,1
1.9311050377094112,1
1.9315199276138029,1
1.9318084941243567,1
1.9321835661585918,1
1.9338523589551913,1
1.9340124199197999,1
1.9341477242844813,1
1.9345922202943775,2
1.9348358440936904,1
1.935625440985649,1
1.9364916731037083,1
1.9364916731037085,4
1.9366855064131476,1
1.9380519908411675,1
1.9381350993530888,1
1.938146087479026,2
1.9384467383902395,1
1.938618517976592,1
1.9388143700313822,1
1.9400351192017797,1
1.9402850002906638,1
1.9405650617928756,1
1.9406395521438362,1
1.9406395521438364,1
1.9407902170679516,21
1.9411635536525471,1
1.9414506867883021,1
1.942039648634937,1
1.943465018222936,1
1.9436506316151,4
1.9436506316151003,1
1.9444671200491874,1
1.9462473604038073,4
1.9462473604038075,2
1.9463050978961558,1
1.9465068427541912,4
1.9466570535691503,1
1.947010445067672,1
1.9482898483884101,1
1.9487741782260963,1
1.9493588689617924,1
1.9493588689617927,15
1.949358868961793,8
1.9499225118444583,1
1.9499225118444585,3
1.950077988443825,1
1.9510680835549197,1
1.9518001458970662,2
1.9518001458970664,3
1.9518001458970666,7
1.9529029129053093,1
1.9537701069608968,1
1.9540168418367887,2
1.954078056944394,1
1.9545489090602204,1
1.9550504398153572,1
1.9550504398153574,1
1.956038587687303,1
1.9566735620873066,1
1.9568256607747831,2
1.9571511876576786,1
1.9572143037204255,1
1.9578900207451218,1
1.9591057240729093,2
1.9594095320493146,1
1.9594095320493148,8
1.9598237397554634,2
1.9598237397554636,1
1.9605748699292271,1
1.9621416870348583,1
1.963121533131903,1
1.9639610121239315,1
1.9644272343292228,1
1.9645551975404014,1
1.9647631199834394,1
1.964971020425266,3
1.9649710204252662,1
1.9652147377620697,1
1.96638416050035,10
1.9663841605003503,7
1.9666334327534274,1
1.9679246105293955,2
1.9684115104936453,1
1.9692073983655907,4
1.9694638556693236,2
1.9694638556693238,3
1.969632930130353,1
1.970013294613105,1
1.9701295024465413,1
1.9703687322875558,1
1.9708400559953587,1
1.9712215212183244,2
1.9716911871705816,1
1.9716911871705818,1
1.9725387425622571,1
1.972935153085263,1
1.9731397903876622,2
1.9745107774984458,1
1.9746375739327704,1
1.9748417658131499,6
1.9751862049482032,1
1.9752253419585195,1
1.9752253419585197,1
1.97522534195852,2
1.9755591634008753,1
1.9760470401187074,1
1.9760470401187076,3
1.976184860728769,1
1.9763089590064795,1
1.9774368283857793,1
1.977899874131123,2
1.9779486094826597,1
1.9783777431581806,1
1.9794263449218716,1
1.9802874694191401,1
1.9805505914167634,1
1.9808291724745766,1
1.9815238534040398,1
1.9818178044297492,1
1.98206241793023,3
1.9825408454942637,1
1.9831541626662392,1
1.983263304085802,1
1.9833868834425028,2
1.9839096340048947,1
1.983909634004895,1
1.9847906537954927,1
1.9848325973644325,1
1.9852396506689651,1
1.9852396506689653,1
1.9853262874994269,1
1.985474160899653,1
1.9860625479688307,1
1.986062547968831,2
1.986454833377565,1
1.9868616075658232,1
1.9880235213685555,1
1.9880595947760098,6
1.9888578520235065,3
1.9889806323953874,2
1.9889806323953876,2
1.989148047961729,1
1.9900035075632303,1
1.9903315686303173,1
1.9906029237394385,1
1.9908883353006928,1
1.9924098397912438,2
1.9926334924652145,1
1.9927404479142845,1
1.9935794376846323,1
1.9935872802319037,1
1.9936875171316053,1
1.9942245838745074,1
1.9950678100010695,1
1.9955307206712847,5
1.9956092153402372,1
1.995702453480549,1
1.9958289839896937,1
1.9958289839896939,2
1.9963201440768612,1
1.9966358260455863,1
1.996729351858975,1
1.9977498586537616,1
1.9978343252987698,1
1.9980227380237892,1
1.9981518554500364,1
1.9981609191512903,1
1.9983759640033938,1
1.9989580619245948,1
1.9999999999999998,2
2.0,284
2.001763335565147,1
2.0027758514399734,2
2.0030499999564615,1
2.0045403009622476,4
2.005121647310412,1
2.006240264773888,1
2.006856379383569,1
2.0069050760286906,1
2.0069324297987157,3
2.006966122099421,1
2.007038895538681,1
2.0071301473923975,1
2.007130147392398,1
2.007278422807027,1
2.0109350186226322,1
2.0110804171997807,4
2.0124611797498106,1
2.0137240987192646,1
2.0137573973095306,1
2.0138409955990952,1
2.014235055087379,1
2.014652210534554,2
2.014883643677961,1
2.0150945537631877,1
2.015094553763188,1
2.0154167712671147,1
2.0155644370746373,1
2.016017729430998,1
2.016597794967223,4
2.017778127403648,2
2.0197945173886174,1
2.021054952386841,1
2.02231144726612,1
2.0224925687072846,1
2.0225995873897262,2
2.0226411888292524,1
2.0232168923292906,2
2.0233255185081203,1
2.023545611570261,1
2.02366946294055,1
2.0236694629405503,1
2.023816526598529,1
2.0248456731316584,4
2.025478734167333,1
2.0269917740765284,1
2.0275875100994063,3
2.0287344692684726,1
2.0288154065914887,1
2.0289570391377603,2
2.0291986247835694,1
2.029579246837117,1
2.030395804395567,1
2.0307165050320353,1
2.0310096011589898,4
2.03100960115899,5
2.032699715124723,1
2.0326997151247235,1
2.0332208262027454,1
2.0332758116683998,1
2.0339739285271063,1
2.0354009783964297,3
2.035580935160708,1
2.035827412618332,1
2.0359095108162064,1
2.0361551025916356,1
2.0364641286273977,1
2.036508880671192,3
2.0376571801031034,1
2.037674263005842,1
2.037978903628312,1
2.0380986614602725,2
2.0384462607326044,1
2.038549258747655,1
2.0389072703639215,1
2.039984916987981,1
2.0404990476930793,1
2.0407111908602267,1
2.0412414523193148,7
2.041241452319315,5
2.0416711421361615,1
2.042402568142632,1
2.0425722629261767,1
2.042985358192558,1
2.0430156738209964,1
2.0431845669452318,1
2.0436894741292444,1
2.043873615182384,1
2.043961295567452,2
2.0442979673115604,1
2.044379411823348,1
2.044478950709491,1
2.044870046358327,1
2.04494943258218,2
2.0452399702596544,1
2.0454396909739883,1
2.045633247827035,1
2.0465839213495345,1
2.0475125621855637,1
2.048034287907418,3
2.048373338367138,1
2.04939015319192,14
2.050498830661811,2
2.0505158825562373,1
2.0510160083886877,1
2.051883835095757,1
2.052328401792082,1
2.052417672076908,1
2.0525358037818617,1
2.052872551885702,4
2.0531197106959174,1
2.053140184055783,1
2.0531401840557835,1
2.053821272209882,1
2.0539195754564044,1
2.053926658528663,1
2.054210364052382,1
2.0544070276588613,1
2.0545200489600846,1
2.054804667656325,1
2.0548046676563256,1
2.0560332505270256,1
2.056493779875511,1
2.056668436445521,1
2.057154359296116,1
2.057506581601462,3
2.0575235635431466,1
2.0581376863394576,1
2.0584348787847597,1
2.058663459163551,1
2.0586634591635513,7
2.058862855111441,1
2.059757369894081,1
2.059925974193512,1
2.060488785479727,1
2.0610502002445084,1
2.06155281280883,2
2.0615528128088303,99
2.0621909656836754,1
2.062290163676342,1
2.062431377865891,1
2.062654952856986,2
2.062951582264894,1
2.063044640089379,1
2.0632844828435215,2
2.0633249723493554,2
2.063913820812356,1
2.0644381225662256,1
2.064842526836728,1
2.064935748247671,1
2.0651164331225833,2
2.0652243256245835,1
2.065591117977289,7
2.0655911179772892,5
2.0658792662827956,1
2.065879266282796,10
2.0661013294505457,1
2.066211695163583,1
2.066703744569137,1
2.0670576365276494,2
2.0674726666767027,1
2.068278940998476,5
2.0682789409984763,1
2.0683957236383024,1
2.0686478746524335,1
2.0686739145418453,1
2.069116932714263,1
2.0701966780270626,13
2.07075915505905,1
2.071436620609623,1
2.072265840640557,1
2.0726392192886185,1
2.073644135332772,35
2.0736441353327724,6
2.074124948501006,1
2.074912807299318,1
2.0752509888364505,1
2.0754980866510833,1
2.075770586893398,1
2.0770858707058104,2
2.077323021573821,1
2.0789954839350235,1
2.0795668258290596,1
2.0802851263460385,1
2.0802969325640337,1
2.0806565436566085,1
2.0811493929314455,1
2.0813482606259295,1
2.0816659994661326,428
2.081665999466133,7
2.0827149619914933,1
2.0846074535255115,1
2.0847096902815085,1
2.086236073022646,1
2.0862360730226466,1
2.0862734715002813,1
2.08643359065299,1
2.0868584894473208,1
2.086858489447321,1
2.0873770280289223,2
2.088131728997732,1
2.088327347690278,3
2.088931871468374,1
2.0890497917134634,1
2.0894471693929497,1
2.089497921737475,1
2.0898916380577077,1
2.0903505010861942,1
2.091795820843316,1
2.0926263324636487,1
2.093460235489501,1
2.093641166325628,1
2.093794249436739,1
2.0942441562192755,1
2.0948522136660257,1
2.0951024340269573,1
2.0975619701419124,1
2.097617696340303,2
2.0976176963403033,10
2.097788255164534,1
2.099067568251355,1
2.099783538627472,1
2.099886618254378,2
2.0998866182543785,2
2.100170061141308,3
2.1001700611413083,2
2.1015867021530816,2
2.1018441706627344,1
2.101947149236112,2
2.102286337095224,1
2.103172207246314,1
2.1033883198882757,1
2.103388319888276,1
2.1036056521629503,1
2.104554536611216,1
2.105638174333881,1
2.106347908079822,1
2.1068992359018743,1
2.1070634333253326,1
2.1071307505705477,1
2.107592191958687,1
2.1080139809125895,1
2.1081851067789197,4
2.108783937953269,2
2.1095023109728985,1
2.1096456666250085,1
2.1105794120443453,4
2.1108186931983415,1
2.110818693198342,2
2.11084462351698,1
2.111047545445255,1
2.1111946516469904,1
2.111283102729068,2
2.1114129193810083,1
2.111677928442069,1
2.113666431657021,1
2.1143765594836976,1
2.114698848420785,1
2.1148823307047775,1
2.114974770433419,1
2.115052322682259,1
2.115700942049815,2
2.1157009420498154,4
2.1157621027332723,1
2.1162635536651453,1
2.1169644450340828,1
2.1172772381589064,1
2.1179565034357135,1
2.1180542594923875,1
2.118640215712985,1
2.1186998109427604,4
2.1189138534559038,1
2.119074371152695,1
2.119176512447486,1
2.119545498044231,1
2.1196116680157253,1
2.1203380233664006,1
2.1203389322910344,1
2.1213203435596424,2244
2.121320343559643,4
2.1230527410256377,1
2.1234816485966164,1
2.1237741562291097,1
2.12454329457564,1
2.124612551648807,1
2.124888588879783,1
2.125916160040071,1
2.1270423184104787,1
2.12735540651792,1
2.1273554065179203,1
2.1278575558006176,2
2.127942322559173,1
2.1282960951838215,1
2.1290120496822715,2
2.129162589689508,1
2.1291625896895083,1
2.129346765338803,1
2.129425692883554,1
2.1316330943956574,1
2.1317702607092643,8
2.1320071635561044,1
2.132007163556105,1
2.132514723892674,1
2.133405362259201,1
2.133630931623591,3
2.1339098923270936,5
2.13433470088096,1
2.134635019544715,1
2.1347226982016814,1
2.135744251723958,1
2.135861597085533,2
2.1362669223756576,2
2.1363760352762258,1
2.136670184451541,2
2.1368613597021766,1
2.1369760566432805,2
2.136976056643281,21
2.1370182139717118,1
2.137273450173027,1
2.1377735515193743,1
2.1380899352993947,2
2.138089935299395,18
2.138344641253105,1
2.139232523470435,1
2.1400086674530536,1
2.1401305404481126,1
2.140872096444188,2
2.1410813601264675,1
2.141479247760307,1
2.14201664188625,1
2.142305693455191,1
2.142368686697878,1
2.142518288226407,1
2.1425786507976325,1
2.1427999420364916,1
2.143082599972066,1
2.1432717824010505,1
2.1433372441337033,1
2.1437894797142123,1
2.1439591522603334,1
2.1446659032899955,1
2.1447610589527217,2
2.1450988964060187,2
2.145296914316224,1
2.1453587351685734,1
2.1458273843435527,1
2.1461734799546393,2
2.1463653132612386,1
2.1466776908108742,1
2.147018073907765,1
2.1470180739077653,1
2.147159546388451,1
2.1473497877875207,4
2.147960103768345,1
2.148525451597354,1
2.14865868463326,1
2.1489955370316194,1
2.1491969707422394,1
2.14919697074224,3
2.1493913187076177,1
2.1495392632056602,1
2.149700472440782,1
2.1499353995462798,1
2.14993539954628,4
2.150427544545183,1
2.151284312578974,1
2.1513852509543043,1
2.1514114968019085,1
2.1514618004482156,1
2.151549828999242,1
2.1525179054617256,1
2.1529645631678216,1
2.15322168769582,6
2.1536237457121516,2
2.153839453219274,1
2.1538855451765837,1
2.154303980645638,1
2.1543307873075435,1
2.1547290184283368,1
2.154945672093197,1
2.155254498016304,1
2.1563858652847827,2
2.1573626889884956,1
2.1575381248622048,1
2.157615125619727,1
2.1589047142515096,1
2.159282288168918,1
2.1592822881689187,1
2.1600837819472916,1
2.1601041534487475,1
2.1602468994692865,4
2.160246899469287,101
2.16107189354155,1
2.1616000138515545,1
2.1616492020508953,2
2.1627442955627476,1
2.1628170930011112,4
2.1631800262777383,1
2.1633618930115874,1
2.163470348513386,1
2.1635267858787364,1
2.1636355241395626,1
2.1636956688426445,1
2.1649048909393653,1
2.1655611680148383,1
2.165850662190053,1
2.165912387560548,1
2.1659123875605486,1
2.1661735138967266,2
2.1666666666666665,2
2.166666666666667,1
2.166698244054344,1
2.1669453555438456,1
2.166987155784116,1
2.1671244937540095,5
2.167156121871624,1
2.167249338901663,1
2.16794833886788,37
2.1679483388678804,4
2.169974932756415,1
2.1703944906163852,1
2.1705094128132942,1
2.1722372611238208,1
2.172864383881978,1
2.1735345618817177,1
2.1737697038266783,1
2.173769703826679,1
2.174229226018436,2
2.174664725116648,2
2.1750331562459526,4
2.1756225162774294,1
2.17574036912637,1
2.1760730956581074,1
2.1778101714468003,1
2.177810171446801,1
2.1779783615981456,1
2.178666277011408,1
2.1788191176076888,1
2.179449471770337,6
2.1805826541230786,1
2.1821789023599236,1
2.1823152842795195,1
2.1825756260978366,2
2.182820625326997,2
2.183269719175042,4
2.183356465294995,1
2.1838568563966754,5
2.184085024195213,1
2.1848180591735367,1
2.185812841434,5
2.185957248188786,1
2.186128053933933,1
2.1861429000000836,1
2.1865389045137937,1
2.186667008266695,1
2.187083293643233,2
2.187627547301936,6
2.1876275473019366,2
2.1877401346027647,1
2.187885304412267,2
2.188122205883115,2
2.189617566404694,1
2.189623791221662,1
2.1899391163530857,2
2.1901377346421156,1
2.190746390593662,1
2.190890230020664,1
2.1908902300206643,19
2.1908902300206647,3
2.1910393868598623,1
2.191157135087138,1
2.192228135375254,1
2.1923330291431404,1
2.1924911730403043,1
2.192645048267573,1
2.1929029913363163,2
2.193062655175134,8
2.1930626551751344,2
2.1933093855190746,2
2.194628315369815,1
2.195035721390843,2
2.1950357213908434,1
2.1962534944228786,1
2.1964233112765035,1
2.196596846804313,1
2.197401062294143,1
2.198900824313101,1
2.1994510756126413,1
2.1998376563477846,3
2.1999702909461645,1
2.199987974955111,1
2.200478416880723,1
2.2010098692292237,3
2.2010487011003153,1
2.201725721756948,1
2.2033033051637387,1
2.2035459998062286,1
2.2038926600773587,3
2.203892660077359,1
2.204792759220492,3
2.2050666295102537,1
2.2051077071199945,2
2.206580537618709,1
2.2074254852038093,1
2.208624955384772,1
2.2087978356535665,2
2.209604702469759,1
2.21002500581233,2
2.2102090748590664,1
2.2102672655770355,1
2.210365192839022,1
2.210677899241215,1
2.2110831935702664,1
2.211083193570267,4
2.211267935450822,1
2.2115399817568506,1
2.211980366743146,1
2.212224987188101,1
2.2124052165246004,1
2.212496477954629,1
2.213015114597254,1
2.2135943621178655,2
2.2138425646596693,1
2.2146366258633456,1
2.2146697055682827,3
2.214669705568283,4
2.2148227788210324,1
2.2150503838422795,1
2.2150996967781533,1
2.2156468376279888,1
2.215646837627989,2
2.217355782608345,110
2.21768542741543,1
2.21772420593607,1
2.2183737886140498,1
2.218800784900916,1
2.2188007849009166,2
2.2189658681037714,1
2.218984016036382,1
2.2198493400312045,1
2.219922258982059,1
2.220769727328383,4
2.2211108331943574,2
2.221110833194358,1
2.2212211797594055,1
2.2213503017580467,1
2.2216879699673027,1
2.2221455925485074,1
2.2228757209048453,1
2.2229530961845003,1
2.2229741168197696,1
2.223164350709766,1
2.223610677354389,7
2.2243244025139512,1
2.2245714078711765,1
2.224713610636355,1
2.225394561056747,4
2.2253945610567474,3
2.2263906024572266,1
2.2265480771520023,1
2.2267126348608968,1
2.227463394114365,1
2.2275333357561142,1
2.2276669409945464,1
2.2279219832921355,2
2.227921983292136,1
2.2283606974297188,1
2.2286019533929036,1
2.228601953392904,13
2.2287485864129915,1
2.228977370363784,1
2.229281716090851,1
2.229481606852615,2
2.230097157823697,1
2.230425606716524,1
2.230965705072128,1
2.231026104167649,1
2.2317077498004707,1
2.2318047362958033,2
2.231804736295804,2
2.232035389948372,1
2.2320714274285347,3
2.232071427428535,3
2.2321416040096733,1
2.23277722078291,1
2.2327772207829106,1
2.23349630559946,1
2.2335820757001272,3
2.233937373893053,1
2.2340383656855223,1
2.2343733444579583,4
2.2343733444579588,1
2.234839031005476,1
2.2353371168894838,1
2.2360679774997894,4
2.23606797749979,11
2.2371853183931285,1
2.2371951226495024,1
2.238302928559939,1
2.2390553775994957,1
2.2393063108076987,1
2.2401298663653,1
2.240703025300732,1
2.24179415327122,1
2.2420249705063933,1
2.2420387971474622,1
2.242136015732203,1
2.2422706745122847,1
2.242270674512285,3
2.24258035902098,2
2.2427068375762853,1
2.2431137654667133,1
2.2434275189912047,1
2.244091734403543,1
2.2441206976960792,1
2.2441642353492055,1
2.2453655975512468,1
2.2454031614890075,1
2.246690688016276,1
2.247220505424423,1
2.248231628312673,1
2.2482316283126735,1
2.2483204964917824,2
2.249579085208177,1
2.2496063533292374,1
2.25,1
2.2502204477544114,2
2.2504060712191736,1
2.250406071219174,1
2.2509257354845507,1
2.250925735484551,24
2.2516227914118288,1
2.25168287233699,1
2.2519832529192065,5
2.2522715805886446,2
2.252345716023585,1
2.2528393425519635,1
2.253202848596432,1
2.2532028485964326,1
2.254624876411447,1
2.255711704566354,2
2.25593547143055,1
2.2562083659263807,1
2.2563042992710645,1
2.256304299271065,2
2.2581884785549593,1
2.258317958127243,4
2.2583179581272432,1
2.258885588639695,2
2.2588855886396955,1
2.2592909516916153,2
2.2598988599366248,1
2.260344296222373,1
2.2605309110914633,1
2.2605959651488057,1
2.260776661041756,7
2.2607766610417563,2
2.261811104775156,1
2.2622217085916954,1
2.2626339065615437,1
2.263232692902394,2
2.2632326929023945,2
2.2635833370586385,2
2.263583337058639,1
2.2635833370586393,1
2.263846284534354,2
2.2638462845343543,3
2.2646349437760227,1
2.265188341860668,1
2.265298864911299,1
2.2656860623955235,1
2.265686062395524,1
2.2673829938997163,2
2.2677868380553634,9
2.267786838055364,1
2.268724056278642,1
2.2696949467968492,2
2.269737927948823,1
2.2705056004140287,1
2.270529240133901,1
2.2705848487901865,2
2.270835783735838,1
2.271595912908663,1
2.27231131071657,1
2.2723251392486814,1
2.2723636072680717,4
2.2725989268572975,1
2.273030282830976,1
2.2737475974901695,1
2.2738358934473855,2
2.274623714700579,1
2.274696116900546,3
2.2746961169005466,4
2.275185835978084,2
2.2763607319179844,1
2.2764745072888872,1
2.2774576147127714,2
2.277463963548745,1
2.2779004773491853,1
2.2780874741068526,1
2.27866357593825,1
2.2786635759382503,1
2.279132388529557,7
2.2803508501982757,4
2.280350850198276,25
2.281900678616558,1
2.2820664452331,1
2.282438128301359,1
2.282785822435191,2
2.283135589702242,1
2.2843339988236875,2
2.2846452592024082,1
2.285890732884612,1
2.2861543994193605,1
2.286606968539069,1
2.286737122335374,1
2.2872432055821004,1
2.2883486676912637,1
2.28842623056404,1
2.288688541085317,3
2.2886885410853175,6
2.288752955842823,1
2.288914684906934,1
2.2891509919948363,1
2.289812927564879,1
2.2898885875932358,1
2.290112526627324,1
2.290708828894565,1
2.29128784747792,10
2.291398055883143,1
2.2922795323750234,2
2.2929612492273344,1
2.2930469938771494,1
2.293245376965657,1
2.2932636069615926,1
2.2938842084780044,1
2.294013949390892,1
2.294494689981422,1
2.294520022659936,1
2.294703501631747,1
2.2949219304078006,2
2.295181287579947,4
2.2954805094425805,1
2.295918515554365,1
2.2962419891481978,1
2.296241989148198,1
2.2968156910907283,1
2.2969750273118508,1
2.2973414586817036,2
2.2978909961751954,1
2.2982516949770746,1
2.298336994693439,1
2.29906813420444,5
2.299163727565709,1
2.2995746298524145,1
2.2997584414213783,1
2.3001976199685736,9
2.300197619968574,1
2.3008491497783687,1
2.3008949665421112,1
2.300967697966211,1
2.3010330476591925,1
2.301080951416865,1
2.3011854652449344,1
2.30145677706606,1
2.3014567770660603,1
2.3021728866442674,35
2.302172886644268,3
2.3026501693044477,2
2.3041209111042704,1
2.304730897910754,1
2.3055675149673425,1
2.305575811931025,1
2.3063295176873235,1
2.3072349974229613,1
2.307277489112375,1
2.3081516636833252,1
2.3082566539463945,1
2.308369863902106,2
2.3084987907007153,1
2.309401076758503,23
2.3094010767585034,185
2.3106668488879367,1
2.311624386862207,1
2.3118054512532935,6
2.312248089645697,1
2.31293605675003,1
2.3135213317324204,1
2.3143164446679725,4
2.314316444667973,4
2.3144600117951555,1
2.3145502494313783,1
2.3145502494313788,2
2.314945865236239,1
2.315167380558045,1
2.3152308994238693,1
2.3154073315749675,2
2.315446031023104,1
2.315578709935113,1
2.3159525823376357,3
2.3166067138525404,6
2.316606713852541,5
2.3174786019955116,1
2.3184046238739264,1
2.3190036174568114,1
2.320357293826641,1
2.3203957535735085,1
2.3204774044612853,1
2.3207681728860172,1
2.3213980461973533,3
2.3215740096651976,1
2.323223713087621,1
2.323238235187235,1
2.3237423514790936,1
2.32379000772445,2
2.3240201201187087,1
2.325838302531758,3
2.325995788959303,1
2.326094212561969,6
2.3263199921511983,1
2.3270673931119314,1
2.327698824629556,1
2.3276988246295565,3
2.3278686243033153,1
2.3287500774185546,2
2.3290003057626296,1
2.32900030576263,1
2.3294658809097375,1
2.3298293017222096,1
2.32992949004287,4
2.330343177567666,1
2.3308734445466475,1
2.330951164939612,1
2.3320470986133595,1
2.3326329481056884,2
2.333333333333333,2
2.3333333333333335,3
2.3334686107971883,1
2.334013506306047,1
2.33452350598575,1
2.3345235059857505,3
2.334641182398154,2
2.335496832484569,1
2.336052836975837,1
2.3371288053146704,1
2.337532054868863,1
2.3376304517678275,1
2.338086199460857,1
2.338090388900024,3
2.3380903889000244,12
2.338230155788328,2
2.338340492167456,2
2.3389288649495343,1
2.3393860888547815,2
2.339386088854782,1
2.3394303736026156,1
2.3395156193822118,1
2.3395733452259697,1
2.339734808553947,2
2.340126166724879,5
2.3401261667248794,1
2.3401814620585126,1
2.341839133312916,1
2.3420888362654106,1
2.3426453024277945,1
2.3427412645760644,1
2.3432688900143517,1
2.3439435032110008,1
2.344036154692477,1
2.3440425591540963,1
2.3441924185608345,2
2.344341050135324,1
2.3447004727077667,1
2.3452078799117144,7
2.345207879911715,32
2.3467827258955136,1
2.3473117052448655,1
2.3475755815545343,1
2.3475755815545347,3
2.3484359721209165,1
2.348719548282322,1
2.3494051233232502,1
2.349452603529572,2
2.350251946180731,1
2.3505855707147796,1
2.3506682083273738,1
2.351122663277647,3
2.3511226632776476,1
2.3514701283890216,2
2.3523038352503134,1
2.3524128366097123,1
2.3532698077098573,3
2.354878881270658,1
2.3549419597915633,1
2.3559657706859154,1
2.3566016694748027,1
2.356601669474803,7
2.356783906035264,1
2.357022603955158,1
2.3570226039551585,1
2.3573100282113275,1
2.357638975428922,1
2.3576653406677246,1
2.357715743980127,2
2.3582827070144092,1
2.35862945614448,1
2.35873617932069,2
2.358764107735665,1
2.3588350014578308,1
2.3590712984783537,1
2.359378449224852,4
2.3603873774083293,2
2.3603873774083297,5
2.362907813126304,39
2.3629078131263044,1
2.3632535454879653,1
2.3635947382282114,1
2.3637473611411153,1
2.3646136786930683,1
2.3664319132398464,11
2.366756950246151,2
2.3669736167866557,1
2.3673604720015926,1
2.367360472001593,1
2.3676680466961484,1
2.3677121037112188,1
2.368088498611254,1
2.368305505576072,1
2.3683739996670394,1
2.36837399966704,1
2.368605943935601,1
2.3686261018551686,1
2.3687784005919825,2
2.369355641064919,1
2.3694431131126636,1
2.3701576021065622,2
2.3702704103502237,1
2.3704457518385205,1
2.370453040886408,6
2.3705569450838038,1
2.370629249995805,1
2.3708759207472134,1
2.371322859394532,1
2.371579693770049,1
2.3719116577732615,1
2.372684056006958,1
2.372893879903494,1
2.3740112232471025,1
2.3741438751231874,1
2.37445396802715,1
2.3753415566331855,1
2.3754698783308412,1
2.3754698783308417,5
2.3757906522521277,1
2.375905624437108,1
2.3763541031440183,1
2.3764719749281804,1
2.376512454798301,1
2.3771077017335633,1
2.3773143201149014,1
2.377439324553938,1
2.377928816122437,3
2.3780881039824893,1
2.378884383296277,1
2.3788843832962776,1
2.3788928529199795,1
2.380414412189869,1
2.380476142847616,9
2.3804761428476167,61
2.380476142847617,13
2.381397201556042,1
2.381695586676815,1
2.3817487845545915,3
2.381848570832975,1
2.3824125016594504,1
2.383202400060406,1
2.3832418881081296,1
2.3836564731139807,1
2.383656473113981,1
2.384077081264732,1
2.384220002751592,1
2.3842669867360513,1
2.3844596213078737,1
2.3853720883753122,1
2.385471901003277,1
2.3854719010032777,1
2.385562636132007,1
2.385855756810896,5
2.386303510546059,2
2.3864697976798483,1
2.386609819963988,1
2.38671920665766,6
2.3867192066576606,1
2.3868325657594203,4
2.3874672772626644,33
2.387467277262665,1
2.3877713260750353,1
2.387834664704596,1
2.388014735943848,1
2.3886199528252066,1
2.388649233623539,1
2.3886492336235396,1
2.390078152056683,1
2.3902213066443956,1
2.390457218668787,5
2.3909551787239063,1
2.391588796113782,1
2.391631602045289,1
2.392043731896543,1
2.392242898820377,1
2.3931445388326544,1
2.393172105652397,1
2.3935677693908453,1
2.393774995725106,1
2.3939025107069902,1
2.393949488198693,1
2.394437999475729,4
2.3944379994757297,6
2.3949351318384986,1
2.3965787580611124,2
2.39767771968807,1
2.3979157616563596,5
2.39791576165636,2
2.3980086807179357,1
2.398256447281671,1
2.3999288698653753,1
2.4,1
2.4002314703192917,1
2.400396792595916,1
2.4007574562284217,1
2.4009801919951235,1
2.400980191995124,1
2.401284896514542,1
2.401388487243717,7
2.401922307076307,1
2.402683359068286,1
2.4037008503093262,2
2.4039441275580957,1
2.404361117002265,2
2.4043611170022654,1
2.404380533866049,1
2.404423007708918,1
2.405122737952345,1
2.4058010698889443,2
2.406010991015812,2
2.407279764454207,1
2.4076213442968974,1
2.408318915758459,2
2.4083189157584592,10
2.408498661171685,1
2.408700606307761,1
2.408775166385979,1
2.4088211545979727,1
2.4090225882105116,1
2.4096315300626228,1
2.4096579867074968,1
2.409775413572736,1
2.410295378065479,6
2.410349063661869,1
2.410451551025637,1
2.4107132682130534,1
2.4112830016996583,1
2.412090756622109,2
2.4122273068079934,1
2.4129281427805145,3
2.4133118476637194,1
2.4143667216615343,1
2.4152294576982403,1
2.416154978069242,1
2.416461403433896,5
2.4172987679087856,1
2.4175125677230147,1
2.4177651323679306,1
2.4178820993079553,1
2.4186773244895647,1
2.419616799112094,1
2.4209731743889917,2
2.420973174388992,1
2.421086549269022,1
2.421207322382613,1
2.421987952287468,1
2.422120283277993,9
2.4221202832779936,5
2.4223226578685857,1
2.4225105017197444,1
2.422766481056547,1
2.423371055519,3
2.4244128727957577,1
2.424621182533032,5
2.425528990383517,1
2.4261262765316687,1
2.4262747719832167,1
2.426871624613247,1
2.4271195048676715,1
2.427173494246172,1
2.4280449540423623,1
2.4284219570702756,1
2.42846369077981,1
2.4289915602982237,12
2.429303429280737,2
2.4293034292807376,2
2.4298071330792297,1
2.429899537986269,1
2.4299715851758235,14
2.4300747226977895,1
2.430184581765195,1
2.4308802405633547,1
2.4312287922540743,1
2.4325663233258243,1
2.432608151261197,1
2.433737233777904,2
2.4339220628826914,1
2.4344746182013624,1
2.434865792722759,4
2.4359212058710193,1
2.436369724794953,1
2.4381231397212986,1
2.438123139721299,4
2.4384736714087865,1
2.438774087040259,1
2.438999374480844,1
2.439750182371333,7
2.4398404582286974,1
2.440400695696417,1
2.4417387067595726,1
2.4420557658735733,1
2.4420692781628133,1
2.444250186531439,4
2.4455985731416305,2
2.445841952609133,9
2.4458419526091335,2
2.4460853078609777,3
2.4461593676974345,1
2.446260354770146,1
2.446486075506472,1
2.4473827938601143,1
2.4474476501040834,1
2.4480101354341666,1
2.4486390778008373,1
2.449489742783178,66
2.4494897427831783,2
2.449738662019915,1
2.450071224035947,1
2.4517567397911053,1
2.4517567397911058,1
2.4531982835029496,2
2.4541311296886663,1
2.4547181153120263,1
2.455153310442706,4
2.4551718580292943,1
2.4553149347021512,2
2.455486054675506,1
2.4554860546755064,1
2.4569893237042235,1
2.4585451886114367,2
2.4591907302238774,1
2.459190730223878,1
2.4602333683921844,1
2.4605985967941733,3
2.4607691105393483,1
2.462214450449026,2
2.4626238301925563,1
2.4630604269214893,1
2.4632859715789746,1
2.46429041972071,4
2.4645174281887625,1
2.4654474994509656,1
2.465525853441847,1
2.465706824609839,1
2.4658445094744468,1
2.466441431158124,2
2.4679767200905864,1
2.467976720090587,2
2.468337825765223,1
2.4688535993934706,1
2.4688911607800765,1
2.4690007922802906,1
2.469043724105393,1
2.4696994158557763,1
2.4698178070456938,1
2.4698903665829106,1
2.4703368398993897,2
2.4705931767819016,1
2.470995772117003,1
2.4718191903717615,1
2.4720661623652207,5
2.473189573539939,1
2.473387769603369,1
2.4741083487212356,1
2.4748737341529163,6
2.475605620531226,1
2.4757648847792235,1
2.476260917566671,1
2.4763360913168615,1
2.4766633273019596,1
2.4767338424456895,1
2.476792870624552,1
2.4769708547709266,1
2.4779731389167603,1
2.4781092875467863,2
2.4784787961282104,12
2.479326284200894,1
2.480224818744291,1
2.4803319906064454,1
2.480366453154752,1
2.4805654855708057,1
2.4808086916781558,1
2.4809418501383935,1
2.482438317461282,1
2.4826671874490875,1
2.483045960384002,1
2.483144761212753,1
2.48327740429189,10
2.4832774042918904,1
2.4847360108225303,2
2.4850429767895825,2
2.485513584307633,4
2.4857385429477703,1
2.4862257904942346,1
2.486326242032244,2
2.486732471304138,1
2.48673730696719,1
2.487570303396849,1
2.4888264661335553,1
2.4888640871780128,2
2.488864087178013,2
2.4891430921771716,1
2.4899799195977463,29
2.489979919597747,2
2.490892501603683,3
2.491142367938772,1
2.491891612715892,2
2.4928469095164494,1
2.49284690951645,5
2.4931724952175074,1
2.4936282437809,1
2.4936282437809005,1
2.4939487203589854,1
2.494110710312218,1
2.4941107103122184,1
2.4958298553119898,2
2.496150883013531,1
2.4961508830135313,1
2.496664441476534,6
2.497057091387191,1
2.497429508554271,3
2.4976179127511156,4
2.4978938496682614,1
2.49848438906955,1
2.4984843890695503,3
2.4987176198181626,1
2.4994504890580944,1
2.4997536824468134,1
2.5,71
2.5002164408471224,1
2.5004385580246,1
2.5009089256799126,1
2.5013830166624684,1
2.501410892199221,1
2.5023128134785617,1
2.5023180348048952,1
2.50249875124844,1
2.5027457449242148,3
2.5027457449242156,1
2.5030284687057627,6
2.503331114069145,16
2.5035688811888406,6
2.5038431998091992,1
2.5045413298101655,2
2.50496582834369,1
2.5054054117160915,2
2.5055493963954847,5
2.505837340934319,1
2.5071326821120348,17
2.507132682112035,3
2.5081566285227512,1
2.5081684733903122,1
2.5081684733903127,1
2.508480240759247,1
2.5089914896305037,1
2.5099800796022262,6
2.5099800796022267,22
2.510485258248703,1
2.5114248193095685,1
2.511511956509924,1
2.5117371537268314,2
2.513042899630767,1
2.5132004437744784,1
2.513200443774479,1
2.5142866636285897,1
2.5144029554194813,2
2.5144742283748487,1
2.515216847405743,1
2.5157835094989127,1
2.515877003506768,1
2.5158770035067684,1
2.516611478423583,218
2.5166114784235836,101
2.5177730808295067,1
2.5191297093944214,1
2.519448163312563,1
2.519489251208769,1
2.520504151250418,1
2.5210575608852017,1
2.5213070513747087,1
2.521486612465374,1
2.522075156540362,1
2.522124325070259,1
2.5221243250702594,4
2.5222816579249754,1
2.5223996511258875,1
2.522624895547565,4
2.5227835063116912,1
2.523026864098365,1
2.5241260113576187,1
2.5245017812822947,1
2.5246042013801637,2
2.5248762345905194,2
2.5266368646487125,1
2.527125567985025,2
2.5277867557119884,1
2.5281214071840705,1
2.5283602658250306,1
2.5289984842489197,1
2.529822128134703,1
2.5298221281347035,11
2.5300393082122064,1
2.5304470070199,1
2.5312278886947195,1
2.5317977802344327,1
2.5319388392523003,6
2.5326440164945634,1
2.5330143339826594,1
2.5332947751066035,1
2.5334130768948473,2
2.534608929251695,3
2.536189674396639,1
2.53628636750894,1
2.5363302258366818,1
2.536498280979462,1
2.5369070609498956,1
2.537628901072897,1
2.5379472946828967,1
2.537947294682897,1
2.5385910352879693,6
2.5385910352879697,1
2.53905661824196,1
2.539088359425425,1
2.5392346126934893,1
2.53937250091685,1
2.539432603696729,1
2.540389116756677,1
2.5405797477240215,1
2.540579747724022,1
2.540644508264491,1
2.5407785333546005,2
2.541090879355332,1
2.5421447637772325,1
2.5431941053151923,2
2.5437350953458413,1
2.5437350953458417,1
2.544375395621911,1
2.5444662112897585,1
2.5444761689508857,1
2.544549870321506,1
2.544836041121407,6
2.5448360411214073,4
2.545129390781382,1
2.54530379887577,1
2.5472545509089657,1
2.5473297566057065,4
2.5473537227897873,1
2.547641299413281,1
2.5480673183461087,1
2.548067318346109,1
2.5485756993344526,2
2.5495097567963922,25
2.5495097567963927,3
2.5509513796182928,1
2.5517584104211735,1
2.5524794837866014,1
2.552551579919816,1
2.5526044491233284,1
2.5527762664727724,1
2.552850456753285,1
2.5537511667437416,1
2.5542478495270684,1
2.554254592677974,1
2.554533426213293,1
2.5546318307829945,1
2.5549516194593154,3
2.555966946767316,1
2.5560386016907755,1
2.556245593520219,1
2.558145371965351,1
2.5584085962673253,1
2.5597618936887376,1
2.5599944196367748,2
2.559994419636775,2
2.5601235915933445,1
2.5614028019281725,1
2.5617376914898995,1
2.5619594773603196,2
2.56195947736032,1
2.5620504608813945,1
2.5624551646005895,2
2.5625187732100985,1
2.5625508125043424,4
2.562550812504343,6
2.5628464289109907,1
2.5634797778466227,7
2.563479777846623,9
2.5642081426227494,1
2.564432839727663,1
2.566121633351418,1
2.566450207322688,1
2.5667557916789914,1
2.5668916623660047,1
2.5677629550654775,1
2.5681877336546326,1
2.568377084183872,1
2.569046515733026,1
2.5697919458900347,1
2.5699368014405906,1
2.570225788926064,1
2.5703436864876,1
2.570639440781792,1
2.571208103423585,1
2.5712081034235856,1
2.5716124768008477,1
2.5718435187560154,1
2.572176501335589,1
2.5723302892286437,1
2.5724787771376323,1
2.572582713574399,1
2.5727509827123995,3
2.5727509827124,1
2.5729133372377064,1
2.573367875415838,2
2.574556708637296,1
2.574579285635561,1
2.574643252722186,1
2.5751852258368566,1
2.575335500702087,1
2.5753355007020877,1
2.5756939131424628,1
2.5757219248869694,1
2.5764501233470907,2
2.5767626748214396,1
2.577018750615843,1
2.5775552078807547,1
2.577571462418577,1
2.5796405669289384,1
2.579640566928939,1
2.580311736594758,1
2.5806975801127883,1
2.5810180424278997,1
2.5810665938531616,1
2.581478572553597,1
2.5819888974716108,7
2.581988897471611,21
2.5819888974716116,1
2.5825784670482985,1
2.5831622621754278,1
2.583347481568501,1
2.5841396591085735,1
2.5841396591085743,1
2.5847752557860013,1
2.5851511630749395,1
2.586679162731453,2
2.5873624493766707,4
2.587418953726911,1
2.587745847533828,3
2.5877458475338284,3
2.587850400809463,1
2.588435821108957,23
2.5884358211089573,2
2.5892241371988365,1
2.590581230363393,3
2.591193878173865,1
2.59166623448463,1
2.591900599550206,1
2.592450138536462,1
2.592724864350674,1
2.593313464522699,2
2.5943726083138543,2
2.5948667274704755,1
2.5955427380922007,1
2.596329887059485,1
2.5968422639024005,1
2.5976179564399087,1
2.598076211353316,4
2.5993095730232394,1
2.59930957302324,1
2.599348717777927,1
2.5994909003834716,1
2.600699206681996,1
2.6012817353502227,3
2.601307059724463,1
2.601354542261676,1
2.6017745423519636,1
2.602160992341819,1
2.6034165586355513,3
2.6034165586355518,2
2.6040261866871424,1
2.6043667264584567,1
2.604483314082341,2
2.604539447002896,1
2.604940361258638,1
2.6049403612586386,4
2.605661851470855,1
2.60575126169536,1
2.6076809620810595,43
2.607806280146445,1
2.6078988407598103,1
2.6082776315247203,1
2.609026167722288,1
2.6092273522800817,1
2.6095064302514777,10
2.609650681574432,1
2.6097137890209456,2
2.6101466428298665,1
2.6111648393354674,1
2.612188624844061,1
2.6135051858997995,1
2.614064523559687,1
2.6144148169647514,1
2.614975188810639,2
2.615202805574687,5
2.6154654156878734,1
2.6157418189029844,1
2.6159009639333335,1
2.616188916046478,2
2.6165680903482276,1
2.617005530891738,1
2.617753154701063,1
2.618118686107537,1
2.6186146828319083,5
2.6189643676412167,1
2.619216317459682,1
2.619372274250285,4
2.622703076707584,1
2.6227443411030134,1
2.6227831775880093,1
2.623105376873338,1
2.623423896585619,1
2.624880949681338,1
2.6249716551757643,1
2.625054111996378,2
2.625515822335362,1
2.62659756687718,1
2.6269942712345036,1
2.6275403429763458,1
2.627691364061218,12
2.6285149626910838,1
2.629955639676583,13
2.6299556396765835,81
2.6303837968857167,1
2.6311740579210876,1
2.6313132697969515,1
2.631395527898158,1
2.6328346286499236,1
2.6331223544175333,3
2.6332154354347392,1
2.6335744313981877,1
2.633609203336257,2
2.6352313834736494,5
2.63523138347365,1
2.635755992707217,1
2.635786110641877,1
2.6363894724697734,1
2.6364694807354048,1
2.6367367999823097,2
2.63673679998231,14
2.6388702816994174,1
2.639226636986545,1
2.6394443859772205,18
2.639648070384359,1
2.6400183654090306,1
2.640187159141207,1
2.6403462976338106,2
2.6423744732991303,5
2.6423744732991308,2
2.642970699354622,1
2.64365067451978,2
2.6436737675081976,1
2.643761275949575,1
2.644036198571199,1
2.6443192398846707,1
2.644997285121078,1
2.6451336499586917,1
2.6452367903367366,1
2.645408929787057,1
2.6454605531856905,1
2.6457513110645903,7
2.6457513110645907,327
2.646569289538629,1
2.6468562396201976,1
2.646856239620198,1
2.647010892812243,1
2.6471405216150634,1
2.6486571343578267,1
2.6490076216029177,1
2.6491851234260353,1
2.6501682612365385,1
2.6505925800924266,1
2.650995620097811,2
2.6509956200978113,1
2.6511453050656106,1
2.6523739780238844,1
2.6527414191807384,1
2.653343152526162,1
2.6543834753077653,1
2.6551836094703507,1
2.6559219808999384,1
2.655961418042637,1
2.656039430156385,4
2.6568446566202857,1
2.6583202716502514,20
2.659215781283755,8
2.6594599588501557,1
2.659846146508502,1
2.6600891586884625,1
2.662657242256988,1
2.6626572422569885,1
2.662876093795784,2
2.6632202191114183,1
2.663754537357772,2
2.6645825188948455,4
2.6647673860348258,1
2.666103544146046,1
2.6666666666666665,6
2.6671401094873817,3
2.667261838343906,1
2.6676073609618904,1
2.6687491868330793,2
2.6691165217232364,2
2.669269563007828,9
2.6700499371110396,2
2.671027396298783,1
2.6720228072291863,1
2.6726124191242437,14
2.672612419124244,1
2.673246165112472,1
2.6736401493753137,1
2.674231693686086,2
2.6749870196985173,1
2.675194696964441,1
2.6764526322747537,3
2.67649703224875,2
2.6765689163593684,1
2.6770630673681683,2
2.677376845756598,1
2.6777471259119427,1
2.677871481418716,1
2.677904249813867,1
2.681506328628778,1
2.681847813040049,1
2.6822461565718467,4
2.682476749474445,1
2.68250504814685,1
2.6832815729997477,34
2.684377460965796,1
2.685351208149711,2
2.6858391620552555,1
2.6861831118047275,1
2.6870039224692395,1
2.688658375702797,1
2.6890089681459286,1
2.690370836538197,15
2.6903708365381975,2
2.69052341676441,1
2.6911752530120077,1
2.6913917855989946,1
2.692083176270189,1
2.692582403567252,3
2.6925824035672523,2
2.693772495295447,1
2.694112424944764,1
2.6941124249447643,1
2.695477165169479,1
2.695675549220764,1
2.69574580673799,1
2.695896352395088,1
2.6958963523950885,7
2.6961019115087956,1
2.6961511028187517,1
2.6963694411681245,1
2.696799449852968,3
2.6972007294400195,1
2.697735676039774,3
2.6977356760397746,1
2.698147512646408,1
2.6982720894875603,1
2.6985607210431257,1
2.698891180733706,1
2.699206232527312,8
2.6993609813439807,1
2.6997942308422114,3
2.7001683449201996,2
2.7001683449202,1
2.7010099121355595,1
2.701241066010825,1
2.701851217221259,37
2.7022579081571396,1
2.7033747971965796,1
2.7034629868396793,1
2.7034835914818798,1
2.706585277565497,1
2.70801280154532,58
2.708217264741772,1
2.7092037476418347,1
2.7092288475905097,1
2.7100635498903793,1
2.7102745682484124,1
2.7116925255781403,1
2.7122058561364044,2
2.7124053637210745,1
2.712405363721075,3
2.7124053637210754,2
2.712742958515303,1
2.7131367660166172,1
2.7131367660166177,3
2.7132830228165954,1
2.713359327582639,1
2.7134180220963673,2
2.7136021011998723,2
2.714065925167229,1
2.7141603981096374,5
2.714160398109638,6
2.7143409989946967,1
2.7144772770045855,1
2.7147885108671823,1
2.716206504995115,1
2.7163384589656556,1
2.718251071716682,1
2.718980901524897,1
2.7192192309202383,1
2.7195778893247193,1
2.719810364906464,1
2.7198227694899346,2
2.7202941017470885,3
2.720924212731507,1
2.7222627143085005,6
2.722262714308501,1
2.722956619857024,1
2.7233557730613653,1
2.7237790534505204,1
2.7245324228345904,2
2.724791185412924,1
2.725454929945347,1
2.7255405754769875,6
2.726092248506719,1
2.726414006223804,1
2.7264140062238043,1
2.7268841992093167,1
2.7277342210308038,1
2.7284509239574835,4
2.7287260664907254,1
2.7287641609625863,1
2.729468812791236,1
2.7294688127912363,1
2.730278663347903,1
2.73030134866931,2
2.730697705113101,1
2.7325202042558927,6
2.732520204255893,1
2.7333411507080205,1
2.73362895666681,1
2.7339485135010264,1
2.7342623276105886,1
2.734262327610589,8
2.735942272227077,1
2.7359549951433295,1
2.7369525189358126,2
2.737743248596934,2
2.7378519560658012,1
2.7380788928355977,1
2.7386127875258306,21
2.738612787525831,2
2.7412963871775964,1
2.7413720958202545,1
2.741524657340968,1
2.741620600390126,1
2.7416206003901262,1
2.7436796055257213,2
2.744884612218068,1
2.7449742659868845,1
2.7452198243597854,1
2.7455197664338145,3
2.7456258919345764,1
2.745906043549196,1
2.7468990781342053,1
2.748376143938713,3
2.748737083745107,1
2.7501611816078517,1
2.750291359856727,1
2.7506243047595698,1
2.7507574714370344,2
2.7516228977511745,2
2.751622897751175,2
2.7524094128159016,1
2.7526211284742907,2
2.7537852736430506,5
2.753785273643051,28
2.7558612522821364,2
2.756053942384534,1
2.7566115257368304,1
2.756809750418044,8
2.7568097504180447,2
2.757274760078165,2
2.757908737804898,1
2.7588242262078078,2
2.758824226207808,9
2.7602622373694166,3
2.760262237369417,7
2.761192316108378,1
2.7612507906479187,1
2.762094615806393,1
2.763472744427815,1
2.7645717829090892,1
2.7645717829090897,8
2.764946208560283,1
2.765331593774861,1
2.766684921443975,1
2.766867462592951,5
2.7678454908048358,1
2.7679035970533086,1
2.76791901279204,1
2.7682844313419923,2
2.768483730221683,1
2.7684837302216834,1
2.7688746209726913,3
2.7688746209726918,1
2.769656236971598,1
2.769968821616459,2
2.7704339140141245,1
2.773248833211526,2
2.7735009811261455,1
2.77377831735814,1
2.774029216723951,3
2.7741365022891955,1
2.774243783705493,5
2.774341308665842,1
2.7748873851023212,9
2.7748873851023217,24
2.776714772448951,1
2.7774602993176543,5
2.7774602993176547,2
2.7779814404064314,1
2.7783625115549686,1
2.7784342658585555,1
2.778449247292493,1
2.7796548052297676,1
2.780030832305899,1
2.780256204273899,1
2.780426087988895,1
2.780887148615228,1
2.7810938061526596,1
2.7822008754275713,1
2.7825989906663056,1
2.7827306272059005,1
2.7834094957538373,1
2.7838821814150108,3
2.783882181415011,1
2.7850332594800835,1
2.7853620515548347,1
2.7861263431510066,1
2.786348194992195,1
2.7868739954771304,5
2.786873995477131,7
2.788866755113585,1
2.7890582915826903,1
2.789159687917829,1
2.7894358535288784,1
2.7899150042598344,1
2.79067711996189,1
2.79085809185793,1
2.7908580918579307,2
2.7920778865803837,1
2.792848008753788,15
2.7928480087537886,1
2.7932414507517613,2
2.794041278626117,1
2.7942248133771033,1
2.7945525240230875,9
2.7946493402688177,1
2.7952624319537622,1
2.7968235951204043,2
2.7971546389275788,1
2.7971728270122718,1
2.798809270624444,1
2.7996598432836866,1
2.7998724460742337,3
2.799872446074234,3
2.799906013460189,1
2.800162332956625,1
2.8001623329566256,1
2.8009602195069645,1
2.8010986855435576,1
2.80178514522438,1
2.803160271886255,1
2.8037673068767868,3
2.803767306876787,1
2.8043921595624575,1
2.8046664411572806,1
2.804757862395017,5
2.8047578623950176,9
2.8056719109323653,1
2.8058380695840723,2
2.8067379246694513,1
2.806917861068948,2
2.8089810130278203,1
2.809076198843508,1
2.809757434745082,1
2.8106938645110393,9
2.8109134757052257,1
2.8109633849474367,3
2.8115408417381924,1
2.811540841738193,7
2.8123105996832765,1
2.81251780621144,1
2.8138198978581443,1
2.8149262021959873,1
2.8157719063467175,1
2.815771906346718,4
2.816617356570348,1
2.8177225625601325,1
2.8185890875479602,1
2.8185890875479607,1
2.8186409565791215,1
2.819996622760558,6
2.820559440174157,1
2.8230651727682394,2
2.823186723414044,1
2.823298512866399,1
2.824539250572025,1
2.8250579429371676,1
2.825479310370779,1
2.8265657049165736,1
2.8271269972931052,2
2.8275747670682168,1
2.82842712474619,6
2.8284271247461903,1522
2.8303906287138374,2
2.8316394223456167,1
2.831639422345617,1
2.83244192751189,1
2.8324419275118906,1
2.832956234332084,1
2.8329562343320847,1
2.8330449680246295,1
2.833333333333333,1
2.83492443229031,1
2.8361774343338237,1
2.836272984824353,1
2.836832573067901,1
2.837715908780752,1
2.838053109888089,1
2.8380531098880892,1
2.8380531098880897,1
2.838656550992521,1
2.839454172900137,1
2.8398176991779884,1
2.8401014894873446,1
2.840187787218772,2
2.8411138787327888,1
2.8431203515386634,3
2.84437623926164,1
2.844452335847639,1
2.8449784602039414,1
2.845105209990305,1
2.845213189769458,1
2.8460498941515415,2
2.846500325410855,2
2.8478578120487437,1
2.84897642437888,1
2.850153789425515,1
2.850438562747845,1
2.8504385627478452,1
2.8508883006116013,1
2.85116935075184,1
2.8513917273164515,1
2.8526419574783897,1
2.8535691936340255,4
2.853569193634026,5
2.8536975564326617,1
2.853732792269312,2
2.8543053136497876,1
2.8557421378504637,1
2.8567972141159483,1
2.8572077914699103,1
2.8572077914699108,1
2.857738033247041,3
2.8577380332470415,9
2.8585710716070314,2
2.8596814119369625,2
2.861556525236997,1
2.862023142916254,1
2.8622207623290854,1
2.8625940062196116,1
2.8635642126552705,13
2.863564212655271,1
2.866057521105554,5
2.8662492242274773,1
2.8662832571371806,1
2.8664947200282573,1
2.8668126410030212,1
2.8688891631649045,1
2.8689317229186946,1
2.8693785622209793,3
2.8702082220799308,2
2.870208222079931,9
2.8704483420208984,1
2.872281323269014,9
2.8722813232690143,66
2.8722813232690148,27
2.8730724763822884,1
2.8735244660769563,1
2.874917653629668,3
2.875181153713043,10
2.8751811537130436,8
2.8753881725529062,3
2.8753881725529067,1
2.875627021925961,1
2.8762349126466136,2
2.877112750272011,1
2.8771127502720115,3
2.877620849657919,1
2.877952170494182,1
2.8784916685156974,3
2.878491668515698,9
2.879318702484355,1
2.879383557847515,2
2.8793938756115134,1
2.8802488318430637,1
2.8804112045822543,1
2.8809720581775866,40
2.880972058177587,1
2.8833752467989338,1
2.884826203122507,1
2.8848262031225076,1
2.8867513459481287,169
2.886751345948129,25
2.888725816360089,1
2.888999886867486,1
2.891558595482912,5
2.8919952219248852,1
2.892822333402378,1
2.8944816796014425,1
2.896631870030465,1
2.8974790103440986,1
2.899036351049411,1
2.899861272940285,1
2.900044208327937,1
2.9001231500945415,3
2.901410315377992,1
2.9015465414181816,1
2.902454551623922,2
2.90394566631341,1
2.904506531597131,1
2.9059326290271157,3
2.9063670960444234,2
2.9063670960444243,1
2.9067839122560533,1
2.906888370749727,1
2.9078437983419185,1
2.9081167199998794,1
2.909445576012472,1
2.9096173315185307,1
2.910507280798134,1
2.910794955459294,2
2.911066522839225,1
2.9113897843110044,11
2.911389784311005,1
2.911434229956486,1
2.9135907380774997,1
2.91391645228704,1
2.9154759474226504,26
2.9162673719354655,1
2.9180732539042804,1
2.919870035744917,1
2.9202359113225387,5
2.9203717962909157,1
2.920473705868051,1
2.922988137013698,1
2.923088169119167,1
2.924648941081891,1
2.9246489410818914,7
2.9259682709456447,1
2.926369143432927,1
2.926448797451027,2
2.9265277317265532,1
2.926803114421644,1
2.9268868558020253,10
2.926886855802026,2
2.927145677649443,2
2.9277002188455996,12
2.9286384339694576,1
2.9300347426219044,1
2.933012803000373,1
2.933608802492351,1
2.933749147076316,1
2.934469476943168,1
2.935673997258861,2
2.9358214555806383,10
2.937479851639476,2
2.9379774865903436,1
2.937991537148354,1
2.9410882339705484,1
2.9418608829354005,1
2.943920288775949,69
2.9439202887759492,6
2.9461109776234022,1
2.9480801329998196,1
2.9482719841133536,1
2.9486343354923554,1
2.948634335492356,1
2.948970764763288,4
2.9489707647632883,1
2.9490625115398443,1
2.949576240750525,32
2.9495762407505253,5
2.95057322446693,1
2.9510661139308976,2
2.9514591494904874,2
2.951996902824546,1
2.9533408577782247,1
2.9535883617265144,1
2.953988131990483,1
2.9547875102567414,1
2.955553098431334,1
2.957538769504557,1
2.9575754846246523,1
2.9580398915498076,1
2.958039891549808,3
2.960855732160327,1
2.9627314724385294,1
2.96273147243853,2
2.9632671801497046,1
2.9640705601780613,3
2.9644356609443876,2
2.966479394838265,2
2.9664793948382653,21
2.9664793948382657,1
2.9680841985233184,6
2.968241485516276,1
2.968266507678524,2
2.9688133679726003,1
2.9713913688147287,1
2.9726698147645845,1
2.972893411828826,1
2.9730936268953445,2
2.9733246275271292,1
2.973961069759395,1
2.9760952365713798,3
2.9767618499152917,1
2.976833630141003,1
2.9787123514578027,2
2.9797294975866313,1
2.9817627489304197,1
2.9828570025121715,1
2.983470948593081,1
2.984084768360628,8
2.9860788111948193,52
2.9860788111948198,4
2.9863523994322523,1
2.9878982967771943,1
2.988868236194653,1
2.990598294809843,1
2.9907264074877267,2
2.9920529661723823,2
2.9920529661723827,3
2.992149700611052,1
2.993933259716449,1
2.9944392908634274,8
2.994439290863428,1
2.9970223317724636,1
2.997022331772464,4
2.9981475762358474,2
2.9984122782693157,1
2.9987371079213068,2
2.999455288238815,1
3.0,139
3.0000000000000004,3
3.0024499799918303,1
3.003028774118193,1
3.0042704647952427,1
3.004270464795243,1
3.0046260628866572,1
3.004857179079676,1
3.0083217912982647,2
3.0090771765685003,1
3.0092295002000014,1
3.010869934589035,1
3.011090610836324,14
3.011881234615431,5
3.0120968232656917,2
3.0127932350101747,1
3.0141279535317405,1
3.014920163079545,1
3.0151134457776365,1
3.0155542196190055,1
3.0166206257996713,3
3.0173491021748884,1
3.018461712712472,2
3.0184617127124724,1
3.0189875313233263,1
3.0207614933986426,1
3.020761493398643,1
3.0237157840738176,8
3.023715784073818,3
3.0242683132303845,2
3.025147128903841,1
3.0284366546831674,1
3.028901190901153,2
3.030975616334316,1
3.031964785005977,1
3.032234233110042,2
3.03315017762062,28
3.0331501776206204,4
3.033972822446508,1
3.0349812373573433,1
3.0349812373573437,2
3.036145882229939,1
3.0379543555930306,1
3.038218101251,1
3.039423504234847,1
3.0394235042348474,2
3.040660131466146,1
3.0413812651491097,4
3.042128441493793,1
3.0441200151549,1
3.0443155458751545,2
3.044315545875155,3
3.0443155458751554,1
3.0451153135353137,1
3.0459444804161775,2
3.0472470011002204,2
3.0477678535099892,1
3.0488447886789096,1
3.0495901363953815,17
3.051931472737505,1
3.055050463303893,55
3.0550504633038935,147
3.056249227510633,1
3.0587678248047214,2
3.0589447293376937,1
3.058944729337694,2
3.0592440829352534,1
3.0598202561588486,1
3.060005941764879,1
3.060501048303474,1
3.0605010483034745,14
3.060501048303475,3
3.0623157540948935,1
3.062315754094894,1
3.064129385141706,1
3.06526235962492,1
3.0676887530703443,1
3.0676887530703447,3
3.068905638526838,1
3.0698929011029725,1
3.070597894314954,1
3.071373199943851,1
3.0731814857642954,1
3.073181485764296,2
3.0748244591432297,3
3.07482445914323,1
3.075068122179402,1
3.0750681221794025,1
3.07679486912382,6
3.0767948691238205,10
3.0783421635988546,3
3.0785179433085537,1
3.0798344301210516,1
3.0807319083148226,1
3.080731908314823,2
3.081531004765867,1
3.082207001484488,12
3.0822070014844885,2
3.083088513586448,1
3.08466392256134,1
3.0858639618391224,1
3.086709862908689,1
3.0867098629086893,2
3.0876096471758427,1
3.088345639315455,2
3.090692633113321,1
3.090885217631258,4
3.091206165165234,1
3.0912061651652345,1
3.0925129528647672,2
3.0931989103867092,1
3.0934227110539014,1
3.093772546815388,5
3.0956959368344514,7
3.095695936834452,24
3.0962202903831124,1
3.0967311135685627,2
3.0983866769659336,10
3.098800429612095,1
3.099364548751987,1
3.100179206289712,3
3.1001792062897127,1
3.101458950082625,4
3.1017821702335815,1
3.1050001032247394,1
3.1052950170405937,4
3.1070639120954935,1
3.107154930914434,1
3.1073389830457114,1
3.1091263510296048,81
3.109126351029605,6
3.110291472431203,1
3.1130225008677805,1
3.113022500867781,1
3.113247129976625,1
3.1135902820449006,2
3.1139088893910447,1
3.1139957766460924,1
3.114482300479487,1
3.1144823004794873,17
3.1144823004794877,3
3.1167748898959187,1
3.117578907680451,1
3.117642854737689,1
3.1176428547376895,1
3.122498999199199,3
3.12367619019265,1
3.1244999599935985,1
3.125166662222459,8
3.1255768698323148,1
3.1264536848765503,1
3.1304951684997055,18
3.130495168499706,1
3.1306819689395593,1
3.131723536280351,1
3.1317235362803513,1
3.132015933791495,1
3.1367635732209265,2
3.138470965295043,1
3.1388901826835816,1
3.139083648749449,1
3.1391950328938556,2
3.1411250638372654,3
3.141125063837266,4
3.1420896347378875,1
3.142089634737888,1
3.146426544510455,6
3.146667308679955,1
3.1471831698777724,4
3.147183169877773,8
3.1488060843889736,1
3.1509635714446826,3
3.1510580233735253,1
3.153481321404083,2
3.1534813214040835,2
3.1543963685967635,1
3.1547394428670255,5
3.155242550986462,1
3.1557030181025496,1
3.156190498296714,1
3.1565228279922772,1
3.1594529363709247,5
3.1596413298558645,1
3.162277660168379,7
3.1622776601683795,51
3.1640339933558095,1
3.165151152501539,1
3.1666184688832546,1
3.166666666666667,1
3.166791977470486,1
3.1718458443950364,1
3.173551413074723,1
3.1737560197228887,1
3.1754264805429413,1
3.1766191290283903,1
3.1780497164141406,1
3.1797973380564852,3
3.181980515339464,1
3.183289703016886,1
3.1847852585154217,1
3.184785258515422,2
3.1885210782848317,2
3.188521078284832,10
3.190262963734773,2
3.192874010111336,2
3.1937438845342623,4
3.194455423784382,2
3.195117178501467,1
3.1959796173138706,1
3.199264621385211,1
3.199702367110922,1
3.1997023671109224,3
3.200378765462651,1
3.2015621187164243,59
3.2015621187164247,10
3.2025630761017427,1
3.203347921861866,1
3.2039275140289165,1
3.204163957519444,3
3.2041639575194445,5
3.204349722308278,1
3.2043497223082786,2
3.204564052914338,1
3.205109557055308,1
3.2058973436118907,1
3.2071349029490923,3
3.2071349029490928,6
3.207134902949093,1
3.207944683268259,2
3.209361307176242,3
3.2093613071762426,30
3.210559500724493,1
3.21273052509864,1
3.214550253664318,90
3.2145502536643185,160
3.216803706625029,1
3.2188679859713276,1
3.2249030993194197,1
3.22490309931942,6
3.2263793654069586,1
3.226563851175781,1
3.2277208395680406,1
3.228659539846595,1
3.2317865716108862,4
3.2321772378645472,1
3.2335051500740732,1
3.2344301602505596,1
3.2364114346539705,1
3.236694374850748,10
3.2386554137309647,1
3.238674264110392,1
3.24037034920393,9
3.244184209134201,1
3.2446537223219645,5
3.2472210341220142,4
3.2486260832190936,3
3.2506409624359724,8
3.250640962435973,1
3.251373336211726,5
3.2520550531879864,1
3.2551241655785317,1
3.2566947363946483,2
3.258555173413797,1
3.25868802112869,5
3.2586880211286906,1
3.2591750830880843,2
3.2620584974867697,1
3.265986323710904,19
3.2669140289770824,1
3.2676869155073254,1
3.2702361450580972,1
3.2705394924123103,1
3.271085446759225,30
3.2710854467592254,4
3.2829526005987018,2
3.283436063174123,1
3.2863353450309964,2
3.286335345030997,16
3.2877840272018797,3
3.2923070504261465,2
3.2923070504261474,1
3.293303782278753,1
3.293572383843878,1
3.2971722777616232,1
3.298300756266457,1
3.3015148038438356,1
3.302235894778249,4
3.3022358947782493,2
3.304037933599835,67
3.3040379335998353,3
3.3063300170760606,1
3.3077449222375406,1
3.3082388735465345,1
3.3094381626464866,2
3.311595788538611,4
3.3115957885386114,2
3.3154825052206567,1
3.3166247903554,36
3.3166247903554003,2
3.3193646708642635,1
3.3201493660474823,1
3.320793276340719,1
3.32293122426304,1
3.32665998663324,8
3.3309515300043158,1
3.331666249791536,1
3.3316662497915366,1
3.3320510354080866,1
3.335416016031583,1
3.3354160160315836,2
3.3380918415851206,2
3.338091841585121,2
3.339388439746888,1
3.3427896171076075,2
3.3458099833141217,1
3.346640106136302,1
3.3466401061363023,17
3.3482997343593826,1
3.3493554332411213,1
3.3523268393901033,3
3.3529724488018453,1
3.358240279934981,1
3.3594217189442417,2
3.359421718944242,1
3.3601947995479504,1
3.3609274513641814,1
3.361547262794322,20
3.3615472627943226,1
3.3618741502616962,1
3.366501646120693,55
3.3700360320244136,1
3.370036032024414,2
3.371199069319871,1
3.371448748930742,3
3.3714487489307423,3
3.3730961708462712,2
3.37908002541843,3
3.3806170189140663,2
3.386246693120078,5
3.3862466931200785,7
3.38765264987284,2
3.3911649915626336,1
3.391164991562634,8
3.395258131243894,2
3.399054490379851,1
3.401680257083045,1
3.4034296427770228,36
3.403429642777023,3
3.40587727318528,2
3.4075080500434787,1
3.411211461689767,1
3.4121631178560534,3
3.415650255319866,19
3.420004177106889,3
3.4200832880164915,1
3.420526275297414,18
3.4205262752974144,1
3.4253953543107007,1
3.427827300200522,1
3.4298157915019813,2
3.4302575219167823,2
3.430257521916783,4
3.4302575219167832,1
3.431876713662333,1
3.4334951418181574,1
3.434256491157704,1
3.4351128074635335,14
3.435112807463534,1
3.4364987719368982,3
3.4399612400917157,1
3.440826312717007,2
3.4430430515091524,1
3.444802848737017,11
3.449265994010305,1
3.450327796711771,4
3.4572215654165053,2
3.4572215654165057,1
3.461351236287988,1
3.4615231989895516,1
3.4641016151377544,191
3.464101615137755,2
3.4681086744474685,2
3.4761089357690347,1
3.48010216963685,1
3.4820970692960302,1
3.488074922742725,3
3.4928498393145957,1
3.492849839314596,10
3.4928498393145966,1
3.494894235064305,1
3.495795794278338,1
3.498298906339371,2
3.5,26
3.5000000000000004,2
3.502163833282434,1
3.5023801430836525,6
3.5032452487268535,1
3.505098327538656,1
3.5050983275386565,1
3.505098327538657,1
3.5058392848088586,1
3.5071355833500366,9
3.511884584284246,45
3.5118845842842465,87
3.515837184954831,1
3.5161962919661303,1
3.521363372331802,3
3.5276684147527875,1
3.5355339059327373,2
3.5355339059327378,1158
3.543101950067402,2
3.5449494589721118,6
3.5456210417116734,4
3.552329886011098,2
3.5590260840104366,5
3.559026084010437,31
3.5590260840104375,1
3.5637059362410923,17
3.5744463440743752,1
3.575711717366808,1
3.5777087639996634,11
3.5790395093549625,1
3.585685828003181,1
3.5862391318916687,1
3.586239131891669,1
3.5923198500080566,1
3.593976442141304,61
3.5966508637755537,1
3.598941643369749,1
3.59894164336975,1
3.600925806881706,1
3.6009258068817065,1
3.603074084326168,1
3.605551275463989,164
3.6094013046179527,1
3.6147844564602556,3
3.614784456460256,1
3.6156226673599767,1
3.6193922141707713,1
3.6209268304000717,1
3.625307868699863,1
3.63318042491699,7
3.643868518179241,1
3.644957377763735,2
3.6469165057620936,1
3.646916505762094,17
3.6514837167011076,7
3.6547425158474374,1
3.65604522218567,2
3.6560452221856705,1
3.662064211031025,1
3.663751755110726,1
3.6645015252516173,1
3.669695718539436,3
3.6696957185394363,1
3.6707436541331746,1
3.6742346141747673,8
3.6815175442433286,1
3.6839419880650364,1
3.685557397915997,2
3.687817782917155,2
3.688639397672346,1
3.689323936863109,1
3.6903993847614407,2
3.693623849670827,3
3.695187649457857,1
3.696845502136472,44
3.696845502136473,2
3.7008686239082538,1
3.7009417310962487,1
3.7013511046643495,5
3.7103458958251676,2
3.710345895825168,1
3.714835124201342,4
3.7161167647860323,1
3.7161167647860327,1
3.72473171834246,1
3.7282703764614498,1
3.735288603626359,2
3.7416573867739413,8
3.7416573867739418,1
3.748015347836645,1
3.7497474662443686,1
3.758324094593227,1
3.7606990231680526,2
3.763863263545405,2
3.7638632635454052,1
3.770183777256185,1
3.774917217635375,45
3.777124126457412,2
3.7785946829182113,1
3.779644730092272,2
3.7815340802378072,2
3.7815340802378077,19
3.785938897200182,3
3.7859388972001824,143
3.785938897200183,90
3.794733192202055,1
3.7961446607992015,1
3.8047589248453675,1
3.8078865529319543,3
3.809817040535272,1
3.8166302763912916,2
3.8297084310253524,9
3.829708431025353,3
3.8333333333333335,1
3.8335921237696335,1
3.8340579025361623,1
3.8340579025361627,2
3.840572873934304,1
3.847076812334269,3
3.8622100754188224,34
3.862210075418823,7
3.866830866792722,1
3.8686776379877745,1
3.872983346207417,21
3.8815804341359033,1
3.882193783343198,1
3.8913824205360674,1
3.8987177379235853,4
3.911521443121589,1
3.9115214431215892,6
3.9157800414902435,9
3.915780041490244,1
3.9188190640986296,1
3.9327683210007,2
3.937003937005905,1
3.9370039370059056,4
3.9475730941090035,2
3.947573094109004,18
3.9496835316262997,1
3.9520940802374143,1
3.952094080237415,1
3.96232255123179,2
3.9749213828703582,1
3.9761191895520196,1
4.0,34
4.0178174601214955,1
4.024922359499621,5
4.031128874149275,18
4.0311288741492755,1
4.03732584763727,5
4.04145188432738,6
4.041451884327381,190
4.070217029430576,1
4.070217029430577,1
4.07664661444276,1
4.0824829046386295,1
4.08248290463863,25
4.08656334834051,3
4.09878030638384,2
4.112987559751022,6
4.119061381755153,1
4.123105625617661,10
4.1311822359545785,1
4.147288270665545,1
4.155461122770509,1
4.1576092031015,1
4.163331998932265,122
4.183300132670378,3
4.193248541803041,8
4.193248541803042,1
4.203173404306164,2
4.242640687119285,1061
4.242640687119286,1
4.262237284181474,1
4.272001872658765,12
4.272001872658766,3
4.277849927241487,2
4.277849927241488,2
4.33589667773576,2
4.349329450233296,10
4.358898943540673,4
4.358898943540674,112
4.381780460041329,1
4.3817804600413295,1
4.412104562073146,1
4.425306015783918,8
4.43846820423443,1
4.5,4
4.509249752822894,19
4.58257569495584,35
4.618802153517006,1
4.618802153517007,52
4.654746681256314,1
4.69041575982343,6
4.725815626252608,16
4.725815626252609,34
4.924428900898052,5
4.929503017546495,1
4.932882862316247,36
4.949747468305833,716
5.196152422706632,25
5.656854249492381,404
6.363961030678928,188
